,concept:name,org:resource,time:timestamp,Activity,Resource,lifecycle:transition,eventId,case:concept:name
0,sleeping_BP,0,2020-03-16 00:00:00+00:00,sleeping_BP,0,start,0,case_id
1,sleeping_BP,0,2020-03-16 07:38:00+00:00,sleeping_BP,0,complete,1,case_id
2,drink,0,2020-03-16 07:38:00+00:00,drink,0,start,2,case_id
3,drink,0,2020-03-16 07:40:00+00:00,drink,0,complete,3,case_id
4,housekeeping_BP,0,2020-03-16 07:40:00+00:00,housekeeping_BP,0,start,4,case_id
5,housekeeping_BP,0,2020-03-16 08:02:00+00:00,housekeeping_BP,0,complete,5,case_id
6,work_BP,0,2020-03-16 08:10:00+00:00,work_BP,0,start,6,case_id
7,work_BP,0,2020-03-16 18:31:00+00:00,work_BP,0,complete,7,case_id
8,drink,0,2020-03-16 18:31:00+00:00,drink,0,start,8,case_id
9,drink,0,2020-03-16 18:43:00+00:00,drink,0,complete,9,case_id
10,use_computer,0,2020-03-16 18:43:00+00:00,use_computer,0,start,10,case_id
11,use_computer,0,2020-03-16 20:35:00+00:00,use_computer,0,complete,11,case_id
12,someone_at_entrace,0,2020-03-16 20:35:00+00:00,someone_at_entrace,0,start,12,case_id
13,someone_at_entrace,0,2020-03-16 20:39:00+00:00,someone_at_entrace,0,complete,13,case_id
14,cook_and_eat_BP,0,2020-03-16 20:39:00+00:00,cook_and_eat_BP,0,start,14,case_id
15,cook_and_eat_BP,0,2020-03-16 20:42:00+00:00,cook_and_eat_BP,0,complete,15,case_id
16,drink,0,2020-03-16 21:30:00+00:00,drink,0,start,16,case_id
17,drink,0,2020-03-16 21:34:00+00:00,drink,0,complete,17,case_id
18,cook_and_eat_BP,0,2020-03-16 21:34:00+00:00,cook_and_eat_BP,0,start,18,case_id
19,cook_and_eat_BP,0,2020-03-16 21:59:00+00:00,cook_and_eat_BP,0,complete,19,case_id
20,housekeeping_BP,0,2020-03-16 21:59:00+00:00,housekeeping_BP,0,start,20,case_id
21,housekeeping_BP,0,2020-03-16 22:14:00+00:00,housekeeping_BP,0,complete,21,case_id
22,wc,0,2020-03-16 22:28:00+00:00,wc,0,start,22,case_id
23,wc,0,2020-03-16 22:32:00+00:00,wc,0,complete,23,case_id
24,drink,0,2020-03-16 22:32:00+00:00,drink,0,start,24,case_id
25,drink,0,2020-03-16 22:34:00+00:00,drink,0,complete,25,case_id
26,housekeeping_BP,0,2020-03-16 22:34:00+00:00,housekeeping_BP,0,start,26,case_id
27,housekeeping_BP,0,2020-03-16 22:42:00+00:00,housekeeping_BP,0,complete,27,case_id
28,relax_BP,0,2020-03-16 22:42:00+00:00,relax_BP,0,start,28,case_id
29,relax_BP,0,2020-03-16 23:50:00+00:00,relax_BP,0,complete,29,case_id
30,sleeping_BP,0,2020-03-16 23:50:00+00:00,sleeping_BP,0,start,30,case_id
31,sleeping_BP,0,2020-03-17 00:28:00+00:00,sleeping_BP,0,complete,31,case_id
32,wc,0,2020-03-17 04:03:00+00:00,wc,0,start,32,case_id
33,wc,0,2020-03-17 04:11:00+00:00,wc,0,complete,33,case_id
34,sleeping_BP,0,2020-03-17 04:11:00+00:00,sleeping_BP,0,start,34,case_id
35,sleeping_BP,0,2020-03-17 04:12:00+00:00,sleeping_BP,0,complete,35,case_id
36,work_BP,0,2020-03-17 08:17:00+00:00,work_BP,0,start,36,case_id
37,work_BP,0,2020-03-17 18:39:00+00:00,work_BP,0,complete,37,case_id
38,drink,0,2020-03-17 18:39:00+00:00,drink,0,start,38,case_id
39,drink,0,2020-03-17 18:52:00+00:00,drink,0,complete,39,case_id
40,use_computer,0,2020-03-17 18:52:00+00:00,use_computer,0,start,40,case_id
41,use_computer,0,2020-03-17 20:50:00+00:00,use_computer,0,complete,41,case_id
42,cook_and_eat_BP,0,2020-03-17 20:50:00+00:00,cook_and_eat_BP,0,start,42,case_id
43,cook_and_eat_BP,0,2020-03-17 20:53:00+00:00,cook_and_eat_BP,0,complete,43,case_id
44,drink,0,2020-03-17 21:45:00+00:00,drink,0,start,44,case_id
45,drink,0,2020-03-17 21:49:00+00:00,drink,0,complete,45,case_id
46,cook_and_eat_BP,0,2020-03-17 21:49:00+00:00,cook_and_eat_BP,0,complete,46,case_id
47,sleeping_BP,0,2020-03-17 22:18:00+00:00,sleeping_BP,0,complete,47,case_id
48,wc,0,2020-03-18 01:08:00+00:00,wc,0,start,48,case_id
49,wc,0,2020-03-18 01:17:00+00:00,wc,0,complete,49,case_id
50,someone_at_entrace,0,2020-03-18 01:17:00+00:00,someone_at_entrace,0,start,50,case_id
51,someone_at_entrace,0,2020-03-18 01:21:00+00:00,someone_at_entrace,0,complete,51,case_id
52,sleeping_BP,0,2020-03-18 01:21:00+00:00,sleeping_BP,0,start,52,case_id
53,sleeping_BP,0,2020-03-18 02:21:00+00:00,sleeping_BP,0,complete,53,case_id
54,cook_and_eat_BP,0,2020-03-18 02:21:00+00:00,cook_and_eat_BP,0,start,54,case_id
55,cook_and_eat_BP,0,2020-03-18 02:27:00+00:00,cook_and_eat_BP,0,complete,55,case_id
56,drink,0,2020-03-18 02:27:00+00:00,drink,0,start,56,case_id
57,drink,0,2020-03-18 02:29:00+00:00,drink,0,complete,57,case_id
58,relax_BP,0,2020-03-18 02:29:00+00:00,relax_BP,0,start,58,case_id
59,relax_BP,0,2020-03-18 03:28:00+00:00,relax_BP,0,complete,59,case_id
60,wc,0,2020-03-18 03:28:00+00:00,wc,0,start,60,case_id
61,wc,0,2020-03-18 03:32:00+00:00,wc,0,complete,61,case_id
62,relax_BP,0,2020-03-18 03:32:00+00:00,relax_BP,0,start,62,case_id
63,relax_BP,0,2020-03-18 03:56:00+00:00,relax_BP,0,complete,63,case_id
64,drink,0,2020-03-18 03:56:00+00:00,drink,0,start,64,case_id
65,drink,0,2020-03-18 03:58:00+00:00,drink,0,complete,65,case_id
66,relax_BP,0,2020-03-18 03:58:00+00:00,relax_BP,0,start,66,case_id
67,relax_BP,0,2020-03-18 05:18:00+00:00,relax_BP,0,complete,67,case_id
68,drink,0,2020-03-18 05:18:00+00:00,drink,0,start,68,case_id
69,drink,0,2020-03-18 05:21:00+00:00,drink,0,complete,69,case_id
70,relax_BP,0,2020-03-18 05:21:00+00:00,relax_BP,0,start,70,case_id
71,relax_BP,0,2020-03-18 05:40:00+00:00,relax_BP,0,complete,71,case_id
72,wc,0,2020-03-18 05:40:00+00:00,wc,0,start,72,case_id
73,wc,0,2020-03-18 05:45:00+00:00,wc,0,complete,73,case_id
74,relax_BP,0,2020-03-18 05:45:00+00:00,relax_BP,0,start,74,case_id
75,relax_BP,0,2020-03-18 06:06:00+00:00,relax_BP,0,complete,75,case_id
76,use_computer,0,2020-03-18 06:06:00+00:00,use_computer,0,start,76,case_id
77,use_computer,0,2020-03-18 06:07:00+00:00,use_computer,0,complete,77,case_id
78,drink,0,2020-03-18 07:21:00+00:00,drink,0,start,78,case_id
79,drink,0,2020-03-18 07:23:00+00:00,drink,0,complete,79,case_id
80,use_computer,0,2020-03-18 07:23:00+00:00,use_computer,0,start,80,case_id
81,use_computer,0,2020-03-18 08:04:00+00:00,use_computer,0,complete,81,case_id
82,cook_and_eat_BP,0,2020-03-18 08:04:00+00:00,cook_and_eat_BP,0,start,82,case_id
83,cook_and_eat_BP,0,2020-03-18 08:07:00+00:00,cook_and_eat_BP,0,complete,83,case_id
84,work_BP,0,2020-03-18 08:22:00+00:00,work_BP,0,start,84,case_id
85,work_BP,0,2020-03-18 18:43:00+00:00,work_BP,0,complete,85,case_id
86,drink,0,2020-03-18 18:43:00+00:00,drink,0,start,86,case_id
87,drink,0,2020-03-18 18:44:00+00:00,drink,0,complete,87,case_id
88,cook_and_eat_BP,0,2020-03-18 18:56:00+00:00,cook_and_eat_BP,0,start,88,case_id
89,cook_and_eat_BP,0,2020-03-18 19:19:00+00:00,cook_and_eat_BP,0,complete,89,case_id
90,drink,0,2020-03-18 19:20:00+00:00,drink,0,complete,90,case_id
91,someone_at_entrace,0,2020-03-18 19:20:00+00:00,someone_at_entrace,0,start,91,case_id
92,someone_at_entrace,0,2020-03-18 19:23:00+00:00,someone_at_entrace,0,complete,92,case_id
93,use_computer,0,2020-03-18 19:23:00+00:00,use_computer,0,start,93,case_id
94,use_computer,0,2020-03-18 21:05:00+00:00,use_computer,0,complete,94,case_id
95,drink,0,2020-03-18 21:05:00+00:00,drink,0,start,95,case_id
96,drink,0,2020-03-18 21:08:00+00:00,drink,0,complete,96,case_id
97,wc,0,2020-03-18 21:08:00+00:00,wc,0,start,97,case_id
98,wc,0,2020-03-18 21:16:00+00:00,wc,0,complete,98,case_id
99,cook_and_eat_BP,0,2020-03-18 21:16:00+00:00,cook_and_eat_BP,0,start,99,case_id
100,cook_and_eat_BP,0,2020-03-18 22:24:00+00:00,cook_and_eat_BP,0,complete,100,case_id
101,drink,0,2020-03-18 22:24:00+00:00,drink,0,start,101,case_id
102,drink,0,2020-03-18 22:27:00+00:00,drink,0,complete,102,case_id
103,sleeping_BP,0,2020-03-18 22:27:00+00:00,sleeping_BP,0,start,103,case_id
104,sleeping_BP,0,2020-03-18 23:04:00+00:00,sleeping_BP,0,complete,104,case_id
105,wc,0,2020-03-19 05:11:00+00:00,wc,0,start,105,case_id
106,wc,0,2020-03-19 05:22:00+00:00,wc,0,complete,106,case_id
107,sleeping_BP,0,2020-03-19 05:23:00+00:00,sleeping_BP,0,complete,107,case_id
108,work_BP,0,2020-03-19 08:26:00+00:00,work_BP,0,start,108,case_id
109,work_BP,0,2020-03-19 18:45:00+00:00,work_BP,0,complete,109,case_id
110,drink,0,2020-03-19 18:45:00+00:00,drink,0,start,110,case_id
111,drink,0,2020-03-19 18:57:00+00:00,drink,0,complete,111,case_id
112,sleeping_BP,0,2020-03-19 18:57:00+00:00,sleeping_BP,0,start,112,case_id
113,sleeping_BP,0,2020-03-19 18:58:00+00:00,sleeping_BP,0,complete,113,case_id
114,wc,0,2020-03-19 23:54:00+00:00,wc,0,start,114,case_id
115,wc,0,2020-03-20 00:00:00+00:00,wc,0,complete,115,case_id
116,sleeping_BP,0,2020-03-20 00:01:00+00:00,sleeping_BP,0,complete,116,case_id
117,wc,0,2020-03-20 08:03:00+00:00,wc,0,start,117,case_id
118,wc,0,2020-03-20 08:07:00+00:00,wc,0,complete,118,case_id
119,use_computer,0,2020-03-20 08:08:00+00:00,use_computer,0,start,119,case_id
120,use_computer,0,2020-03-20 08:08:00+00:00,use_computer,0,complete,120,case_id
121,work_BP,0,2020-03-20 08:21:00+00:00,work_BP,0,start,121,case_id
122,work_BP,0,2020-03-20 18:39:00+00:00,work_BP,0,complete,122,case_id
123,drink,0,2020-03-20 18:39:00+00:00,drink,0,start,123,case_id
124,drink,0,2020-03-20 18:40:00+00:00,drink,0,complete,124,case_id
125,use_computer,0,2020-03-20 18:51:00+00:00,use_computer,0,start,125,case_id
126,use_computer,0,2020-03-20 19:57:00+00:00,use_computer,0,complete,126,case_id
127,cook_and_eat_BP,0,2020-03-20 19:57:00+00:00,cook_and_eat_BP,0,start,127,case_id
128,cook_and_eat_BP,0,2020-03-20 19:59:00+00:00,cook_and_eat_BP,0,complete,128,case_id
129,drink,0,2020-03-20 20:49:00+00:00,drink,0,start,129,case_id
130,drink,0,2020-03-20 20:50:00+00:00,drink,0,complete,130,case_id
131,cook_and_eat_BP,0,2020-03-20 20:50:00+00:00,cook_and_eat_BP,0,complete,131,case_id
132,drink,0,2020-03-20 21:33:00+00:00,drink,0,start,132,case_id
133,drink,0,2020-03-20 21:37:00+00:00,drink,0,complete,133,case_id
134,cook_and_eat_BP,0,2020-03-20 21:37:00+00:00,cook_and_eat_BP,0,complete,134,case_id
135,sleeping_BP,0,2020-03-20 21:59:00+00:00,sleeping_BP,0,start,135,case_id
136,sleeping_BP,0,2020-03-20 22:13:00+00:00,sleeping_BP,0,complete,136,case_id
137,cook_and_eat_BP,0,2020-03-20 22:13:00+00:00,cook_and_eat_BP,0,start,137,case_id
138,cook_and_eat_BP,0,2020-03-20 22:30:00+00:00,cook_and_eat_BP,0,complete,138,case_id
139,someone_at_entrace,0,2020-03-20 22:30:00+00:00,someone_at_entrace,0,start,139,case_id
140,someone_at_entrace,0,2020-03-20 22:34:00+00:00,someone_at_entrace,0,complete,140,case_id
141,wc,0,2020-03-20 22:34:00+00:00,wc,0,start,141,case_id
142,wc,0,2020-03-20 22:37:00+00:00,wc,0,complete,142,case_id
143,drink,0,2020-03-20 22:37:00+00:00,drink,0,start,143,case_id
144,drink,0,2020-03-20 22:40:00+00:00,drink,0,complete,144,case_id
145,wc,0,2020-03-20 22:40:00+00:00,wc,0,start,145,case_id
146,wc,0,2020-03-20 22:45:00+00:00,wc,0,complete,146,case_id
147,sleeping_BP,0,2020-03-20 22:45:00+00:00,sleeping_BP,0,start,147,case_id
148,sleeping_BP,0,2020-03-20 23:17:00+00:00,sleeping_BP,0,complete,148,case_id
149,wc,0,2020-03-21 03:25:00+00:00,wc,0,start,149,case_id
150,wc,0,2020-03-21 03:32:00+00:00,wc,0,complete,150,case_id
151,sleeping_BP,0,2020-03-21 03:32:00+00:00,sleeping_BP,0,start,151,case_id
152,sleeping_BP,0,2020-03-21 16:48:00+00:00,sleeping_BP,0,complete,152,case_id
153,wc,0,2020-03-21 16:48:00+00:00,wc,0,start,153,case_id
154,wc,0,2020-03-21 16:53:00+00:00,wc,0,complete,154,case_id
155,Airing_home,0,2020-03-21 16:53:00+00:00,Airing_home,0,start,155,case_id
156,Airing_home,0,2020-03-21 16:54:00+00:00,Airing_home,0,complete,156,case_id
157,relax_BP,0,2020-03-21 16:54:00+00:00,relax_BP,0,start,157,case_id
158,relax_BP,0,2020-03-21 17:14:00+00:00,relax_BP,0,complete,158,case_id
159,drink,0,2020-03-21 17:14:00+00:00,drink,0,start,159,case_id
160,drink,0,2020-03-21 17:16:00+00:00,drink,0,complete,160,case_id
161,relax_BP,0,2020-03-21 17:16:00+00:00,relax_BP,0,start,161,case_id
162,relax_BP,0,2020-03-21 19:07:00+00:00,relax_BP,0,complete,162,case_id
163,drink,0,2020-03-21 19:07:00+00:00,drink,0,start,163,case_id
164,drink,0,2020-03-21 19:09:00+00:00,drink,0,complete,164,case_id
165,relax_BP,0,2020-03-21 19:09:00+00:00,relax_BP,0,start,165,case_id
166,relax_BP,0,2020-03-21 19:28:00+00:00,relax_BP,0,complete,166,case_id
167,cook_and_eat_BP,0,2020-03-21 19:28:00+00:00,cook_and_eat_BP,0,start,167,case_id
168,cook_and_eat_BP,0,2020-03-21 20:09:00+00:00,cook_and_eat_BP,0,complete,168,case_id
169,drink,0,2020-03-21 20:09:00+00:00,drink,0,start,169,case_id
170,drink,0,2020-03-21 20:11:00+00:00,drink,0,complete,170,case_id
171,use_computer,0,2020-03-21 20:11:00+00:00,use_computer,0,start,171,case_id
172,use_computer,0,2020-03-21 21:53:00+00:00,use_computer,0,complete,172,case_id
173,drink,0,2020-03-21 21:53:00+00:00,drink,0,start,173,case_id
174,drink,0,2020-03-21 21:56:00+00:00,drink,0,complete,174,case_id
175,exercise,0,2020-03-21 21:56:00+00:00,exercise,0,start,175,case_id
176,exercise,0,2020-03-21 22:30:00+00:00,exercise,0,complete,176,case_id
177,wc,0,2020-03-21 22:30:00+00:00,wc,0,start,177,case_id
178,wc,0,2020-03-21 22:35:00+00:00,wc,0,complete,178,case_id
179,relax_BP,0,2020-03-21 22:35:00+00:00,relax_BP,0,start,179,case_id
180,relax_BP,0,2020-03-21 22:35:00+00:00,relax_BP,0,complete,180,case_id
181,wc,0,2020-03-21 22:35:00+00:00,wc,0,start,181,case_id
182,wc,0,2020-03-21 22:35:00+00:00,wc,0,complete,182,case_id
183,relax_BP,0,2020-03-21 22:58:00+00:00,relax_BP,0,start,183,case_id
184,relax_BP,0,2020-03-21 23:22:00+00:00,relax_BP,0,complete,184,case_id
185,drink,0,2020-03-21 23:22:00+00:00,drink,0,start,185,case_id
186,drink,0,2020-03-21 23:24:00+00:00,drink,0,complete,186,case_id
187,relax_BP,0,2020-03-21 23:24:00+00:00,relax_BP,0,start,187,case_id
188,relax_BP,0,2020-03-22 00:47:00+00:00,relax_BP,0,complete,188,case_id
189,drink,0,2020-03-22 00:47:00+00:00,drink,0,start,189,case_id
190,drink,0,2020-03-22 00:49:00+00:00,drink,0,complete,190,case_id
191,relax_BP,0,2020-03-22 00:49:00+00:00,relax_BP,0,start,191,case_id
192,relax_BP,0,2020-03-22 01:35:00+00:00,relax_BP,0,complete,192,case_id
193,cook_and_eat_BP,0,2020-03-22 01:35:00+00:00,cook_and_eat_BP,0,start,193,case_id
194,cook_and_eat_BP,0,2020-03-22 02:09:00+00:00,cook_and_eat_BP,0,complete,194,case_id
195,drink,0,2020-03-22 02:10:00+00:00,drink,0,start,195,case_id
196,drink,0,2020-03-22 02:12:00+00:00,drink,0,complete,196,case_id
197,wc,0,2020-03-22 02:12:00+00:00,wc,0,start,197,case_id
198,wc,0,2020-03-22 02:16:00+00:00,wc,0,complete,198,case_id
199,cook_and_eat_BP,0,2020-03-22 02:16:00+00:00,cook_and_eat_BP,0,start,199,case_id
200,cook_and_eat_BP,0,2020-03-22 02:17:00+00:00,cook_and_eat_BP,0,complete,200,case_id
201,relax_BP,0,2020-03-22 02:17:00+00:00,relax_BP,0,start,201,case_id
202,relax_BP,0,2020-03-22 02:54:00+00:00,relax_BP,0,complete,202,case_id
203,use_computer,0,2020-03-22 02:54:00+00:00,use_computer,0,start,203,case_id
204,use_computer,0,2020-03-22 02:54:00+00:00,use_computer,0,complete,204,case_id
205,drink,0,2020-03-22 03:51:00+00:00,drink,0,start,205,case_id
206,drink,0,2020-03-22 03:53:00+00:00,drink,0,complete,206,case_id
207,use_computer,0,2020-03-22 03:53:00+00:00,use_computer,0,start,207,case_id
208,use_computer,0,2020-03-22 05:00:00+00:00,use_computer,0,complete,208,case_id
209,relax_BP,0,2020-03-22 05:01:00+00:00,relax_BP,0,start,209,case_id
210,relax_BP,0,2020-03-22 05:18:00+00:00,relax_BP,0,complete,210,case_id
211,drink,0,2020-03-22 05:18:00+00:00,drink,0,start,211,case_id
212,drink,0,2020-03-22 05:20:00+00:00,drink,0,complete,212,case_id
213,relax_BP,0,2020-03-22 05:20:00+00:00,relax_BP,0,start,213,case_id
214,relax_BP,0,2020-03-22 06:22:00+00:00,relax_BP,0,complete,214,case_id
215,wc,0,2020-03-22 06:22:00+00:00,wc,0,start,215,case_id
216,wc,0,2020-03-22 06:27:00+00:00,wc,0,complete,216,case_id
217,relax_BP,0,2020-03-22 06:27:00+00:00,relax_BP,0,start,217,case_id
218,relax_BP,0,2020-03-22 06:48:00+00:00,relax_BP,0,complete,218,case_id
219,drink,0,2020-03-22 06:48:00+00:00,drink,0,start,219,case_id
220,drink,0,2020-03-22 06:51:00+00:00,drink,0,complete,220,case_id
221,relax_BP,0,2020-03-22 06:51:00+00:00,relax_BP,0,start,221,case_id
222,relax_BP,0,2020-03-22 07:48:00+00:00,relax_BP,0,complete,222,case_id
223,cook_and_eat_BP,0,2020-03-22 07:48:00+00:00,cook_and_eat_BP,0,start,223,case_id
224,cook_and_eat_BP,0,2020-03-22 08:20:00+00:00,cook_and_eat_BP,0,complete,224,case_id
225,drink,0,2020-03-22 08:20:00+00:00,drink,0,start,225,case_id
226,drink,0,2020-03-22 08:23:00+00:00,drink,0,complete,226,case_id
227,relax_BP,0,2020-03-22 08:23:00+00:00,relax_BP,0,start,227,case_id
228,relax_BP,0,2020-03-22 09:06:00+00:00,relax_BP,0,complete,228,case_id
229,use_computer,0,2020-03-22 09:06:00+00:00,use_computer,0,start,229,case_id
230,use_computer,0,2020-03-22 09:07:00+00:00,use_computer,0,complete,230,case_id
231,relax_BP,0,2020-03-22 09:07:00+00:00,relax_BP,0,start,231,case_id
232,relax_BP,0,2020-03-22 09:49:00+00:00,relax_BP,0,complete,232,case_id
233,drink,0,2020-03-22 09:49:00+00:00,drink,0,start,233,case_id
234,drink,0,2020-03-22 09:51:00+00:00,drink,0,complete,234,case_id
235,wc,0,2020-03-22 09:51:00+00:00,wc,0,start,235,case_id
236,wc,0,2020-03-22 09:55:00+00:00,wc,0,complete,236,case_id
237,relax_BP,0,2020-03-22 09:55:00+00:00,relax_BP,0,start,237,case_id
238,relax_BP,0,2020-03-22 10:12:00+00:00,relax_BP,0,complete,238,case_id
239,someone_at_entrace,0,2020-03-22 10:12:00+00:00,someone_at_entrace,0,start,239,case_id
240,someone_at_entrace,0,2020-03-22 10:14:00+00:00,someone_at_entrace,0,complete,240,case_id
241,use_computer,0,2020-03-22 10:14:00+00:00,use_computer,0,start,241,case_id
242,use_computer,0,2020-03-22 11:48:00+00:00,use_computer,0,complete,242,case_id
243,drink,0,2020-03-22 11:48:00+00:00,drink,0,start,243,case_id
244,drink,0,2020-03-22 11:51:00+00:00,drink,0,complete,244,case_id
245,relax_BP,0,2020-03-22 11:51:00+00:00,relax_BP,0,start,245,case_id
246,relax_BP,0,2020-03-22 12:56:00+00:00,relax_BP,0,complete,246,case_id
247,drink,0,2020-03-22 12:56:00+00:00,drink,0,start,247,case_id
248,drink,0,2020-03-22 12:57:00+00:00,drink,0,complete,248,case_id
249,wc,0,2020-03-22 12:57:00+00:00,wc,0,start,249,case_id
250,wc,0,2020-03-22 13:01:00+00:00,wc,0,complete,250,case_id
251,relax_BP,0,2020-03-22 13:01:00+00:00,relax_BP,0,start,251,case_id
252,relax_BP,0,2020-03-22 13:56:00+00:00,relax_BP,0,complete,252,case_id
253,cook_and_eat_BP,0,2020-03-22 13:56:00+00:00,cook_and_eat_BP,0,start,253,case_id
254,cook_and_eat_BP,0,2020-03-22 14:31:00+00:00,cook_and_eat_BP,0,complete,254,case_id
255,drink,0,2020-03-22 14:31:00+00:00,drink,0,start,255,case_id
256,drink,0,2020-03-22 14:34:00+00:00,drink,0,complete,256,case_id
257,relax_BP,0,2020-03-22 14:34:00+00:00,relax_BP,0,start,257,case_id
258,relax_BP,0,2020-03-22 14:51:00+00:00,relax_BP,0,complete,258,case_id
259,someone_at_entrace,0,2020-03-22 15:09:00+00:00,someone_at_entrace,0,start,259,case_id
260,someone_at_entrace,0,2020-03-22 15:12:00+00:00,someone_at_entrace,0,complete,260,case_id
261,relax_BP,0,2020-03-22 15:12:00+00:00,relax_BP,0,start,261,case_id
262,relax_BP,0,2020-03-22 15:57:00+00:00,relax_BP,0,complete,262,case_id
263,drink,0,2020-03-22 15:57:00+00:00,drink,0,start,263,case_id
264,drink,0,2020-03-22 15:59:00+00:00,drink,0,complete,264,case_id
265,relax_BP,0,2020-03-22 15:59:00+00:00,relax_BP,0,start,265,case_id
266,relax_BP,0,2020-03-22 17:46:00+00:00,relax_BP,0,complete,266,case_id
267,drink,0,2020-03-22 17:46:00+00:00,drink,0,start,267,case_id
268,drink,0,2020-03-22 17:48:00+00:00,drink,0,complete,268,case_id
269,wc,0,2020-03-22 17:48:00+00:00,wc,0,start,269,case_id
270,wc,0,2020-03-22 17:54:00+00:00,wc,0,complete,270,case_id
271,relax_BP,0,2020-03-22 17:54:00+00:00,relax_BP,0,start,271,case_id
272,relax_BP,0,2020-03-22 18:17:00+00:00,relax_BP,0,complete,272,case_id
273,Airing_home_end,0,2020-03-22 18:17:00+00:00,Airing_home_end,0,start,273,case_id
274,Airing_home_end,0,2020-03-22 18:18:00+00:00,Airing_home_end,0,complete,274,case_id
275,relax_BP,0,2020-03-22 18:18:00+00:00,relax_BP,0,start,275,case_id
276,relax_BP,0,2020-03-22 18:40:00+00:00,relax_BP,0,complete,276,case_id
277,use_computer,0,2020-03-22 18:40:00+00:00,use_computer,0,start,277,case_id
278,use_computer,0,2020-03-22 18:40:00+00:00,use_computer,0,complete,278,case_id
279,drink,0,2020-03-22 20:16:00+00:00,drink,0,start,279,case_id
280,drink,0,2020-03-22 20:19:00+00:00,drink,0,complete,280,case_id
281,use_computer,0,2020-03-22 20:19:00+00:00,use_computer,0,start,281,case_id
282,use_computer,0,2020-03-22 20:52:00+00:00,use_computer,0,complete,282,case_id
283,cook_and_eat_BP,0,2020-03-22 20:52:00+00:00,cook_and_eat_BP,0,start,283,case_id
284,cook_and_eat_BP,0,2020-03-22 21:28:00+00:00,cook_and_eat_BP,0,complete,284,case_id
285,drink,0,2020-03-22 21:28:00+00:00,drink,0,start,285,case_id
286,drink,0,2020-03-22 21:30:00+00:00,drink,0,complete,286,case_id
287,relax_BP,0,2020-03-22 21:30:00+00:00,relax_BP,0,start,287,case_id
288,relax_BP,0,2020-03-22 21:52:00+00:00,relax_BP,0,complete,288,case_id
289,sleeping_BP,0,2020-03-22 21:52:00+00:00,sleeping_BP,0,start,289,case_id
290,sleeping_BP,0,2020-03-22 22:16:00+00:00,sleeping_BP,0,complete,290,case_id
291,work_BP,0,2020-03-23 08:24:00+00:00,work_BP,0,start,291,case_id
292,work_BP,0,2020-03-23 18:43:00+00:00,work_BP,0,complete,292,case_id
293,drink,0,2020-03-23 18:43:00+00:00,drink,0,start,293,case_id
294,drink,0,2020-03-23 18:55:00+00:00,drink,0,complete,294,case_id
295,sleeping_BP,0,2020-03-23 18:55:00+00:00,sleeping_BP,0,start,295,case_id
296,sleeping_BP,0,2020-03-23 18:56:00+00:00,sleeping_BP,0,complete,296,case_id
297,wc,0,2020-03-23 23:32:00+00:00,wc,0,start,297,case_id
298,wc,0,2020-03-23 23:42:00+00:00,wc,0,complete,298,case_id
299,sleeping_BP,0,2020-03-23 23:43:00+00:00,sleeping_BP,0,complete,299,case_id
300,wc,0,2020-03-24 03:55:00+00:00,wc,0,start,300,case_id
301,wc,0,2020-03-24 04:00:00+00:00,wc,0,complete,301,case_id
302,someone_at_entrace,0,2020-03-24 04:00:00+00:00,someone_at_entrace,0,start,302,case_id
303,someone_at_entrace,0,2020-03-24 04:04:00+00:00,someone_at_entrace,0,complete,303,case_id
304,use_computer,0,2020-03-24 04:04:00+00:00,use_computer,0,start,304,case_id
305,use_computer,0,2020-03-24 05:27:00+00:00,use_computer,0,complete,305,case_id
306,cook_and_eat_BP,0,2020-03-24 05:27:00+00:00,cook_and_eat_BP,0,start,306,case_id
307,cook_and_eat_BP,0,2020-03-24 06:40:00+00:00,cook_and_eat_BP,0,complete,307,case_id
308,drink,0,2020-03-24 06:40:00+00:00,drink,0,start,308,case_id
309,drink,0,2020-03-24 06:42:00+00:00,drink,0,complete,309,case_id
310,sleeping_BP,0,2020-03-24 06:42:00+00:00,sleeping_BP,0,start,310,case_id
311,sleeping_BP,0,2020-03-24 07:19:00+00:00,sleeping_BP,0,complete,311,case_id
312,relax_BP,0,2020-03-24 07:19:00+00:00,relax_BP,0,start,312,case_id
313,relax_BP,0,2020-03-24 08:01:00+00:00,relax_BP,0,complete,313,case_id
314,work_BP,0,2020-03-24 08:15:00+00:00,work_BP,0,start,314,case_id
315,work_BP,0,2020-03-24 18:36:00+00:00,work_BP,0,complete,315,case_id
316,drink,0,2020-03-24 18:36:00+00:00,drink,0,start,316,case_id
317,drink,0,2020-03-24 18:49:00+00:00,drink,0,complete,317,case_id
318,someone_at_entrace,0,2020-03-24 18:49:00+00:00,someone_at_entrace,0,start,318,case_id
319,someone_at_entrace,0,2020-03-24 18:52:00+00:00,someone_at_entrace,0,complete,319,case_id
320,use_computer,0,2020-03-24 18:52:00+00:00,use_computer,0,start,320,case_id
321,use_computer,0,2020-03-24 20:16:00+00:00,use_computer,0,complete,321,case_id
322,cook_and_eat_BP,0,2020-03-24 20:16:00+00:00,cook_and_eat_BP,0,start,322,case_id
323,cook_and_eat_BP,0,2020-03-24 20:18:00+00:00,cook_and_eat_BP,0,complete,323,case_id
324,drink,0,2020-03-24 21:08:00+00:00,drink,0,start,324,case_id
325,drink,0,2020-03-24 21:12:00+00:00,drink,0,complete,325,case_id
326,cook_and_eat_BP,0,2020-03-24 21:12:00+00:00,cook_and_eat_BP,0,start,326,case_id
327,cook_and_eat_BP,0,2020-03-24 21:29:00+00:00,cook_and_eat_BP,0,complete,327,case_id
328,relax_BP,0,2020-03-24 21:30:00+00:00,relax_BP,0,start,328,case_id
329,relax_BP,0,2020-03-24 21:40:00+00:00,relax_BP,0,complete,329,case_id
330,cook_and_eat_BP,0,2020-03-24 21:40:00+00:00,cook_and_eat_BP,0,start,330,case_id
331,cook_and_eat_BP,0,2020-03-24 21:40:00+00:00,cook_and_eat_BP,0,complete,331,case_id
332,wc,0,2020-03-24 21:40:00+00:00,wc,0,start,332,case_id
333,wc,0,2020-03-24 21:44:00+00:00,wc,0,complete,333,case_id
334,relax_BP,0,2020-03-24 21:44:00+00:00,relax_BP,0,start,334,case_id
335,relax_BP,0,2020-03-24 22:24:00+00:00,relax_BP,0,complete,335,case_id
336,drink,0,2020-03-24 22:24:00+00:00,drink,0,start,336,case_id
337,drink,0,2020-03-24 22:26:00+00:00,drink,0,complete,337,case_id
338,relax_BP,0,2020-03-24 22:26:00+00:00,relax_BP,0,start,338,case_id
339,relax_BP,0,2020-03-24 22:43:00+00:00,relax_BP,0,complete,339,case_id
340,sleeping_BP,0,2020-03-24 22:43:00+00:00,sleeping_BP,0,start,340,case_id
341,sleeping_BP,0,2020-03-24 23:15:00+00:00,sleeping_BP,0,complete,341,case_id
342,wc,0,2020-03-25 04:31:00+00:00,wc,0,start,342,case_id
343,wc,0,2020-03-25 04:41:00+00:00,wc,0,complete,343,case_id
344,sleeping_BP,0,2020-03-25 04:41:00+00:00,sleeping_BP,0,complete,344,case_id
345,work_BP,0,2020-03-25 08:21:00+00:00,work_BP,0,start,345,case_id
346,work_BP,0,2020-03-25 18:40:00+00:00,work_BP,0,complete,346,case_id
347,drink,0,2020-03-25 18:40:00+00:00,drink,0,start,347,case_id
348,drink,0,2020-03-25 18:53:00+00:00,drink,0,complete,348,case_id
349,sleeping_BP,0,2020-03-25 18:53:00+00:00,sleeping_BP,0,complete,349,case_id
350,wc,0,2020-03-26 01:17:00+00:00,wc,0,start,350,case_id
351,wc,0,2020-03-26 01:26:00+00:00,wc,0,complete,351,case_id
352,use_computer,0,2020-03-26 01:26:00+00:00,use_computer,0,start,352,case_id
353,use_computer,0,2020-03-26 03:02:00+00:00,use_computer,0,complete,353,case_id
354,cook_and_eat_BP,0,2020-03-26 03:02:00+00:00,cook_and_eat_BP,0,start,354,case_id
355,cook_and_eat_BP,0,2020-03-26 03:04:00+00:00,cook_and_eat_BP,0,complete,355,case_id
356,someone_at_entrace,0,2020-03-26 04:13:00+00:00,someone_at_entrace,0,start,356,case_id
357,someone_at_entrace,0,2020-03-26 04:17:00+00:00,someone_at_entrace,0,complete,357,case_id
358,cook_and_eat_BP,0,2020-03-26 04:17:00+00:00,cook_and_eat_BP,0,start,358,case_id
359,cook_and_eat_BP,0,2020-03-26 04:25:00+00:00,cook_and_eat_BP,0,complete,359,case_id
360,sleeping_BP,0,2020-03-26 04:26:00+00:00,sleeping_BP,0,start,360,case_id
361,sleeping_BP,0,2020-03-26 05:59:00+00:00,sleeping_BP,0,complete,361,case_id
362,drink,0,2020-03-26 05:59:00+00:00,drink,0,start,362,case_id
363,drink,0,2020-03-26 06:02:00+00:00,drink,0,complete,363,case_id
364,shop,0,2020-03-26 06:02:00+00:00,shop,0,start,364,case_id
365,shop,0,2020-03-26 07:13:00+00:00,shop,0,complete,365,case_id
366,cook_and_eat_BP,0,2020-03-26 07:13:00+00:00,cook_and_eat_BP,0,start,366,case_id
367,cook_and_eat_BP,0,2020-03-26 07:13:00+00:00,cook_and_eat_BP,0,complete,367,case_id
368,drink,0,2020-03-26 07:13:00+00:00,drink,0,start,368,case_id
369,drink,0,2020-03-26 07:15:00+00:00,drink,0,complete,369,case_id
370,relax_BP,0,2020-03-26 07:15:00+00:00,relax_BP,0,start,370,case_id
371,relax_BP,0,2020-03-26 08:00:00+00:00,relax_BP,0,complete,371,case_id
372,work_BP,0,2020-03-26 08:15:00+00:00,work_BP,0,start,372,case_id
373,work_BP,0,2020-03-26 18:33:00+00:00,work_BP,0,complete,373,case_id
374,drink,0,2020-03-26 18:33:00+00:00,drink,0,start,374,case_id
375,drink,0,2020-03-26 18:46:00+00:00,drink,0,complete,375,case_id
376,use_computer,0,2020-03-26 18:46:00+00:00,use_computer,0,start,376,case_id
377,use_computer,0,2020-03-26 20:32:00+00:00,use_computer,0,complete,377,case_id
378,someone_at_entrace,0,2020-03-26 20:32:00+00:00,someone_at_entrace,0,start,378,case_id
379,someone_at_entrace,0,2020-03-26 20:35:00+00:00,someone_at_entrace,0,complete,379,case_id
380,cook_and_eat_BP,0,2020-03-26 20:35:00+00:00,cook_and_eat_BP,0,start,380,case_id
381,cook_and_eat_BP,0,2020-03-26 20:37:00+00:00,cook_and_eat_BP,0,complete,381,case_id
382,drink,0,2020-03-26 21:29:00+00:00,drink,0,start,382,case_id
383,drink,0,2020-03-26 21:33:00+00:00,drink,0,complete,383,case_id
384,cook_and_eat_BP,0,2020-03-26 21:33:00+00:00,cook_and_eat_BP,0,complete,384,case_id
385,wc,0,2020-03-26 21:54:00+00:00,wc,0,start,385,case_id
386,wc,0,2020-03-26 22:01:00+00:00,wc,0,complete,386,case_id
387,cook_and_eat_BP,0,2020-03-26 22:02:00+00:00,cook_and_eat_BP,0,start,387,case_id
388,cook_and_eat_BP,0,2020-03-26 22:05:00+00:00,cook_and_eat_BP,0,complete,388,case_id
389,relax_BP,0,2020-03-26 22:05:00+00:00,relax_BP,0,start,389,case_id
390,relax_BP,0,2020-03-26 22:08:00+00:00,relax_BP,0,complete,390,case_id
391,wc,0,2020-03-26 22:08:00+00:00,wc,0,start,391,case_id
392,wc,0,2020-03-26 22:09:00+00:00,wc,0,complete,392,case_id
393,relax_BP,0,2020-03-26 22:09:00+00:00,relax_BP,0,start,393,case_id
394,relax_BP,0,2020-03-26 22:34:00+00:00,relax_BP,0,complete,394,case_id
395,drink,0,2020-03-26 22:34:00+00:00,drink,0,start,395,case_id
396,drink,0,2020-03-26 22:36:00+00:00,drink,0,complete,396,case_id
397,relax_BP,0,2020-03-26 22:36:00+00:00,relax_BP,0,start,397,case_id
398,relax_BP,0,2020-03-26 22:56:00+00:00,relax_BP,0,complete,398,case_id
399,sleeping_BP,0,2020-03-26 22:56:00+00:00,sleeping_BP,0,start,399,case_id
400,sleeping_BP,0,2020-03-26 23:35:00+00:00,sleeping_BP,0,complete,400,case_id
401,wc,0,2020-03-27 04:51:00+00:00,wc,0,start,401,case_id
402,wc,0,2020-03-27 05:01:00+00:00,wc,0,complete,402,case_id
403,sleeping_BP,0,2020-03-27 05:01:00+00:00,sleeping_BP,0,complete,403,case_id
404,work_BP,0,2020-03-27 08:21:00+00:00,work_BP,0,start,404,case_id
405,work_BP,0,2020-03-27 18:40:00+00:00,work_BP,0,complete,405,case_id
406,drink,0,2020-03-27 18:40:00+00:00,drink,0,start,406,case_id
407,drink,0,2020-03-27 18:52:00+00:00,drink,0,complete,407,case_id
408,sleeping_BP,0,2020-03-27 18:52:00+00:00,sleeping_BP,0,start,408,case_id
409,sleeping_BP,0,2020-03-27 18:53:00+00:00,sleeping_BP,0,complete,409,case_id
410,wc,0,2020-03-28 01:29:00+00:00,wc,0,start,410,case_id
411,wc,0,2020-03-28 01:38:00+00:00,wc,0,complete,411,case_id
412,use_computer,0,2020-03-28 01:38:00+00:00,use_computer,0,start,412,case_id
413,use_computer,0,2020-03-28 03:14:00+00:00,use_computer,0,complete,413,case_id
414,cook_and_eat_BP,0,2020-03-28 03:14:00+00:00,cook_and_eat_BP,0,start,414,case_id
415,cook_and_eat_BP,0,2020-03-28 03:17:00+00:00,cook_and_eat_BP,0,complete,415,case_id
416,someone_at_entrace,0,2020-03-28 04:25:00+00:00,someone_at_entrace,0,start,416,case_id
417,someone_at_entrace,0,2020-03-28 04:27:00+00:00,someone_at_entrace,0,complete,417,case_id
418,cook_and_eat_BP,0,2020-03-28 04:27:00+00:00,cook_and_eat_BP,0,start,418,case_id
419,cook_and_eat_BP,0,2020-03-28 04:37:00+00:00,cook_and_eat_BP,0,complete,419,case_id
420,drink,0,2020-03-28 04:37:00+00:00,drink,0,start,420,case_id
421,drink,0,2020-03-28 04:40:00+00:00,drink,0,complete,421,case_id
422,sleeping_BP,0,2020-03-28 04:40:00+00:00,sleeping_BP,0,start,422,case_id
423,sleeping_BP,0,2020-03-28 06:43:00+00:00,sleeping_BP,0,complete,423,case_id
424,relax_BP,0,2020-03-28 06:43:00+00:00,relax_BP,0,start,424,case_id
425,relax_BP,0,2020-03-28 07:05:00+00:00,relax_BP,0,complete,425,case_id
426,wc,0,2020-03-28 07:05:00+00:00,wc,0,start,426,case_id
427,wc,0,2020-03-28 07:09:00+00:00,wc,0,complete,427,case_id
428,relax_BP,0,2020-03-28 07:09:00+00:00,relax_BP,0,start,428,case_id
429,relax_BP,0,2020-03-28 07:32:00+00:00,relax_BP,0,complete,429,case_id
430,exercise,0,2020-03-28 07:32:00+00:00,exercise,0,start,430,case_id
431,exercise,0,2020-03-28 08:08:00+00:00,exercise,0,complete,431,case_id
432,drink,0,2020-03-28 08:08:00+00:00,drink,0,start,432,case_id
433,drink,0,2020-03-28 08:10:00+00:00,drink,0,complete,433,case_id
434,relax_BP,0,2020-03-28 08:10:00+00:00,relax_BP,0,start,434,case_id
435,relax_BP,0,2020-03-28 09:34:00+00:00,relax_BP,0,complete,435,case_id
436,drink,0,2020-03-28 09:34:00+00:00,drink,0,start,436,case_id
437,drink,0,2020-03-28 09:36:00+00:00,drink,0,complete,437,case_id
438,relax_BP,0,2020-03-28 09:36:00+00:00,relax_BP,0,start,438,case_id
439,relax_BP,0,2020-03-28 10:53:00+00:00,relax_BP,0,complete,439,case_id
440,drink,0,2020-03-28 10:53:00+00:00,drink,0,start,440,case_id
441,drink,0,2020-03-28 10:55:00+00:00,drink,0,complete,441,case_id
442,relax_BP,0,2020-03-28 10:55:00+00:00,relax_BP,0,start,442,case_id
443,relax_BP,0,2020-03-28 11:56:00+00:00,relax_BP,0,complete,443,case_id
444,use_computer,0,2020-03-28 11:56:00+00:00,use_computer,0,start,444,case_id
445,use_computer,0,2020-03-28 11:56:00+00:00,use_computer,0,complete,445,case_id
446,drink,0,2020-03-28 12:50:00+00:00,drink,0,start,446,case_id
447,drink,0,2020-03-28 12:52:00+00:00,drink,0,complete,447,case_id
448,use_computer,0,2020-03-28 12:52:00+00:00,use_computer,0,start,448,case_id
449,use_computer,0,2020-03-28 12:53:00+00:00,use_computer,0,complete,449,case_id
450,someone_at_entrace,0,2020-03-28 13:06:00+00:00,someone_at_entrace,0,start,450,case_id
451,someone_at_entrace,0,2020-03-28 13:09:00+00:00,someone_at_entrace,0,complete,451,case_id
452,use_computer,0,2020-03-28 13:09:00+00:00,use_computer,0,start,452,case_id
453,use_computer,0,2020-03-28 14:11:00+00:00,use_computer,0,complete,453,case_id
454,wc,0,2020-03-28 14:11:00+00:00,wc,0,start,454,case_id
455,wc,0,2020-03-28 14:17:00+00:00,wc,0,complete,455,case_id
456,cook_and_eat_BP,0,2020-03-28 14:17:00+00:00,cook_and_eat_BP,0,start,456,case_id
457,cook_and_eat_BP,0,2020-03-28 14:57:00+00:00,cook_and_eat_BP,0,complete,457,case_id
458,drink,0,2020-03-28 14:58:00+00:00,drink,0,start,458,case_id
459,drink,0,2020-03-28 15:01:00+00:00,drink,0,complete,459,case_id
460,cook_and_eat_BP,0,2020-03-28 15:01:00+00:00,cook_and_eat_BP,0,complete,460,case_id
461,relax_BP,0,2020-03-28 15:01:00+00:00,relax_BP,0,start,461,case_id
462,relax_BP,0,2020-03-28 16:30:00+00:00,relax_BP,0,complete,462,case_id
463,drink,0,2020-03-28 16:30:00+00:00,drink,0,start,463,case_id
464,drink,0,2020-03-28 16:32:00+00:00,drink,0,complete,464,case_id
465,relax_BP,0,2020-03-28 16:32:00+00:00,relax_BP,0,start,465,case_id
466,relax_BP,0,2020-03-28 18:19:00+00:00,relax_BP,0,complete,466,case_id
467,drink,0,2020-03-28 18:19:00+00:00,drink,0,start,467,case_id
468,drink,0,2020-03-28 18:22:00+00:00,drink,0,complete,468,case_id
469,relax_BP,0,2020-03-28 18:22:00+00:00,relax_BP,0,start,469,case_id
470,relax_BP,0,2020-03-28 18:40:00+00:00,relax_BP,0,complete,470,case_id
471,wc,0,2020-03-28 18:40:00+00:00,wc,0,start,471,case_id
472,wc,0,2020-03-28 18:45:00+00:00,wc,0,complete,472,case_id
473,relax_BP,0,2020-03-28 18:45:00+00:00,relax_BP,0,start,473,case_id
474,relax_BP,0,2020-03-28 20:01:00+00:00,relax_BP,0,complete,474,case_id
475,drink,0,2020-03-28 20:01:00+00:00,drink,0,start,475,case_id
476,drink,0,2020-03-28 20:03:00+00:00,drink,0,complete,476,case_id
477,use_computer,0,2020-03-28 20:03:00+00:00,use_computer,0,start,477,case_id
478,use_computer,0,2020-03-28 21:10:00+00:00,use_computer,0,complete,478,case_id
479,cook_and_eat_BP,0,2020-03-28 21:10:00+00:00,cook_and_eat_BP,0,start,479,case_id
480,cook_and_eat_BP,0,2020-03-28 21:49:00+00:00,cook_and_eat_BP,0,complete,480,case_id
481,drink,0,2020-03-28 21:50:00+00:00,drink,0,start,481,case_id
482,drink,0,2020-03-28 21:53:00+00:00,drink,0,complete,482,case_id
483,cook_and_eat_BP,0,2020-03-28 21:53:00+00:00,cook_and_eat_BP,0,complete,483,case_id
484,wash_dishes_BP,0,2020-03-28 21:53:00+00:00,wash_dishes_BP,0,start,484,case_id
485,wash_dishes_BP,0,2020-03-28 21:54:00+00:00,wash_dishes_BP,0,complete,485,case_id
486,relax_BP,0,2020-03-28 21:54:00+00:00,relax_BP,0,start,486,case_id
487,relax_BP,0,2020-03-28 22:31:00+00:00,relax_BP,0,complete,487,case_id
488,wc,0,2020-03-28 22:31:00+00:00,wc,0,start,488,case_id
489,wc,0,2020-03-28 22:35:00+00:00,wc,0,complete,489,case_id
490,relax_BP,0,2020-03-28 22:35:00+00:00,relax_BP,0,start,490,case_id
491,relax_BP,0,2020-03-28 22:57:00+00:00,relax_BP,0,complete,491,case_id
492,sleeping_BP,0,2020-03-28 22:57:00+00:00,sleeping_BP,0,start,492,case_id
493,sleeping_BP,0,2020-03-28 23:26:00+00:00,sleeping_BP,0,complete,493,case_id
494,someone_at_entrace,0,2020-03-29 12:41:00+00:00,someone_at_entrace,0,start,494,case_id
495,someone_at_entrace,0,2020-03-29 12:44:00+00:00,someone_at_entrace,0,complete,495,case_id
496,drink,0,2020-03-29 12:44:00+00:00,drink,0,start,496,case_id
497,drink,0,2020-03-29 12:47:00+00:00,drink,0,complete,497,case_id
498,sleeping_BP,0,2020-03-29 12:47:00+00:00,sleeping_BP,0,start,498,case_id
499,sleeping_BP,0,2020-03-29 14:36:00+00:00,sleeping_BP,0,complete,499,case_id
500,relax_BP,0,2020-03-29 14:36:00+00:00,relax_BP,0,start,500,case_id
501,relax_BP,0,2020-03-29 14:36:00+00:00,relax_BP,0,complete,501,case_id
502,someone_at_entrace,0,2020-03-29 14:49:00+00:00,someone_at_entrace,0,start,502,case_id
503,someone_at_entrace,0,2020-03-29 14:52:00+00:00,someone_at_entrace,0,complete,503,case_id
504,relax_BP,0,2020-03-29 14:52:00+00:00,relax_BP,0,start,504,case_id
505,relax_BP,0,2020-03-29 15:25:00+00:00,relax_BP,0,complete,505,case_id
506,wc,0,2020-03-29 15:25:00+00:00,wc,0,start,506,case_id
507,wc,0,2020-03-29 15:30:00+00:00,wc,0,complete,507,case_id
508,relax_BP,0,2020-03-29 15:30:00+00:00,relax_BP,0,start,508,case_id
509,relax_BP,0,2020-03-29 15:47:00+00:00,relax_BP,0,complete,509,case_id
510,someone_at_entrace,0,2020-03-29 15:56:00+00:00,someone_at_entrace,0,start,510,case_id
511,someone_at_entrace,0,2020-03-29 16:00:00+00:00,someone_at_entrace,0,complete,511,case_id
512,relax_BP,0,2020-03-29 16:00:00+00:00,relax_BP,0,start,512,case_id
513,relax_BP,0,2020-03-29 16:16:00+00:00,relax_BP,0,complete,513,case_id
514,drink,0,2020-03-29 16:16:00+00:00,drink,0,start,514,case_id
515,drink,0,2020-03-29 16:18:00+00:00,drink,0,complete,515,case_id
516,relax_BP,0,2020-03-29 16:18:00+00:00,relax_BP,0,start,516,case_id
517,relax_BP,0,2020-03-29 18:09:00+00:00,relax_BP,0,complete,517,case_id
518,drink,0,2020-03-29 18:09:00+00:00,drink,0,start,518,case_id
519,drink,0,2020-03-29 18:11:00+00:00,drink,0,complete,519,case_id
520,relax_BP,0,2020-03-29 18:11:00+00:00,relax_BP,0,start,520,case_id
521,relax_BP,0,2020-03-29 18:57:00+00:00,relax_BP,0,complete,521,case_id
522,use_computer,0,2020-03-29 18:57:00+00:00,use_computer,0,start,522,case_id
523,use_computer,0,2020-03-29 18:57:00+00:00,use_computer,0,complete,523,case_id
524,drink,0,2020-03-29 20:35:00+00:00,drink,0,start,524,case_id
525,drink,0,2020-03-29 20:38:00+00:00,drink,0,complete,525,case_id
526,use_computer,0,2020-03-29 20:38:00+00:00,use_computer,0,start,526,case_id
527,use_computer,0,2020-03-29 21:01:00+00:00,use_computer,0,complete,527,case_id
528,cook_and_eat_BP,0,2020-03-29 21:01:00+00:00,cook_and_eat_BP,0,start,528,case_id
529,cook_and_eat_BP,0,2020-03-29 21:56:00+00:00,cook_and_eat_BP,0,complete,529,case_id
530,drink,0,2020-03-29 21:56:00+00:00,drink,0,start,530,case_id
531,drink,0,2020-03-29 21:59:00+00:00,drink,0,complete,531,case_id
532,wc,0,2020-03-29 21:59:00+00:00,wc,0,start,532,case_id
533,wc,0,2020-03-29 22:04:00+00:00,wc,0,complete,533,case_id
534,relax_BP,0,2020-03-29 22:04:00+00:00,relax_BP,0,start,534,case_id
535,relax_BP,0,2020-03-29 23:23:00+00:00,relax_BP,0,complete,535,case_id
536,drink,0,2020-03-29 23:23:00+00:00,drink,0,start,536,case_id
537,drink,0,2020-03-29 23:25:00+00:00,drink,0,complete,537,case_id
538,relax_BP,0,2020-03-29 23:25:00+00:00,relax_BP,0,start,538,case_id
539,relax_BP,0,2020-03-30 00:04:00+00:00,relax_BP,0,complete,539,case_id
540,sleeping_BP,0,2020-03-30 00:04:00+00:00,sleeping_BP,0,start,540,case_id
541,sleeping_BP,0,2020-03-30 00:45:00+00:00,sleeping_BP,0,complete,541,case_id
542,work_BP,0,2020-03-30 08:14:00+00:00,work_BP,0,start,542,case_id
543,work_BP,0,2020-03-30 18:33:00+00:00,work_BP,0,complete,543,case_id
544,drink,0,2020-03-30 18:33:00+00:00,drink,0,start,544,case_id
545,drink,0,2020-03-30 18:46:00+00:00,drink,0,complete,545,case_id
546,use_computer,0,2020-03-30 18:46:00+00:00,use_computer,0,start,546,case_id
547,use_computer,0,2020-03-30 20:55:00+00:00,use_computer,0,complete,547,case_id
548,cook_and_eat_BP,0,2020-03-30 20:55:00+00:00,cook_and_eat_BP,0,start,548,case_id
549,cook_and_eat_BP,0,2020-03-30 20:58:00+00:00,cook_and_eat_BP,0,complete,549,case_id
550,drink,0,2020-03-30 21:47:00+00:00,drink,0,start,550,case_id
551,drink,0,2020-03-30 21:51:00+00:00,drink,0,complete,551,case_id
552,cook_and_eat_BP,0,2020-03-30 21:51:00+00:00,cook_and_eat_BP,0,complete,552,case_id
553,wc,0,2020-03-30 22:22:00+00:00,wc,0,start,553,case_id
554,wc,0,2020-03-30 22:30:00+00:00,wc,0,complete,554,case_id
555,sleeping_BP,0,2020-03-30 22:30:00+00:00,sleeping_BP,0,start,555,case_id
556,sleeping_BP,0,2020-03-31 00:13:00+00:00,sleeping_BP,0,complete,556,case_id
557,cook_and_eat_BP,0,2020-03-31 00:13:00+00:00,cook_and_eat_BP,0,start,557,case_id
558,cook_and_eat_BP,0,2020-03-31 00:20:00+00:00,cook_and_eat_BP,0,complete,558,case_id
559,drink,0,2020-03-31 00:20:00+00:00,drink,0,start,559,case_id
560,drink,0,2020-03-31 00:22:00+00:00,drink,0,complete,560,case_id
561,relax_BP,0,2020-03-31 00:22:00+00:00,relax_BP,0,start,561,case_id
562,relax_BP,0,2020-03-31 00:37:00+00:00,relax_BP,0,complete,562,case_id
563,wc,0,2020-03-31 00:37:00+00:00,wc,0,start,563,case_id
564,wc,0,2020-03-31 00:42:00+00:00,wc,0,complete,564,case_id
565,relax_BP,0,2020-03-31 00:42:00+00:00,relax_BP,0,start,565,case_id
566,relax_BP,0,2020-03-31 01:40:00+00:00,relax_BP,0,complete,566,case_id
567,drink,0,2020-03-31 01:40:00+00:00,drink,0,start,567,case_id
568,drink,0,2020-03-31 01:42:00+00:00,drink,0,complete,568,case_id
569,relax_BP,0,2020-03-31 01:42:00+00:00,relax_BP,0,start,569,case_id
570,relax_BP,0,2020-03-31 02:46:00+00:00,relax_BP,0,complete,570,case_id
571,wc,0,2020-03-31 02:46:00+00:00,wc,0,start,571,case_id
572,wc,0,2020-03-31 02:50:00+00:00,wc,0,complete,572,case_id
573,relax_BP,0,2020-03-31 02:50:00+00:00,relax_BP,0,start,573,case_id
574,relax_BP,0,2020-03-31 03:15:00+00:00,relax_BP,0,complete,574,case_id
575,drink,0,2020-03-31 03:15:00+00:00,drink,0,start,575,case_id
576,drink,0,2020-03-31 03:18:00+00:00,drink,0,complete,576,case_id
577,relax_BP,0,2020-03-31 03:18:00+00:00,relax_BP,0,start,577,case_id
578,relax_BP,0,2020-03-31 03:37:00+00:00,relax_BP,0,complete,578,case_id
579,use_computer,0,2020-03-31 03:37:00+00:00,use_computer,0,start,579,case_id
580,use_computer,0,2020-03-31 03:37:00+00:00,use_computer,0,complete,580,case_id
581,drink,0,2020-03-31 05:22:00+00:00,drink,0,start,581,case_id
582,drink,0,2020-03-31 05:24:00+00:00,drink,0,complete,582,case_id
583,use_computer,0,2020-03-31 05:24:00+00:00,use_computer,0,start,583,case_id
584,use_computer,0,2020-03-31 05:29:00+00:00,use_computer,0,complete,584,case_id
585,wc,0,2020-03-31 05:29:00+00:00,wc,0,start,585,case_id
586,wc,0,2020-03-31 05:34:00+00:00,wc,0,complete,586,case_id
587,cook_and_eat_BP,0,2020-03-31 05:34:00+00:00,cook_and_eat_BP,0,start,587,case_id
588,cook_and_eat_BP,0,2020-03-31 06:11:00+00:00,cook_and_eat_BP,0,complete,588,case_id
589,drink,0,2020-03-31 06:11:00+00:00,drink,0,start,589,case_id
590,drink,0,2020-03-31 06:13:00+00:00,drink,0,complete,590,case_id
591,relax_BP,0,2020-03-31 06:13:00+00:00,relax_BP,0,start,591,case_id
592,relax_BP,0,2020-03-31 07:32:00+00:00,relax_BP,0,complete,592,case_id
593,drink,0,2020-03-31 07:32:00+00:00,drink,0,start,593,case_id
594,drink,0,2020-03-31 07:34:00+00:00,drink,0,complete,594,case_id
595,wc,0,2020-03-31 07:34:00+00:00,wc,0,start,595,case_id
596,wc,0,2020-03-31 07:38:00+00:00,wc,0,complete,596,case_id
597,relax_BP,0,2020-03-31 07:38:00+00:00,relax_BP,0,start,597,case_id
598,relax_BP,0,2020-03-31 08:12:00+00:00,relax_BP,0,complete,598,case_id
599,work_BP,0,2020-03-31 08:12:00+00:00,work_BP,0,start,599,case_id
600,work_BP,0,2020-03-31 18:30:00+00:00,work_BP,0,complete,600,case_id
601,drink,0,2020-03-31 18:30:00+00:00,drink,0,start,601,case_id
602,drink,0,2020-03-31 18:42:00+00:00,drink,0,complete,602,case_id
603,use_computer,0,2020-03-31 18:42:00+00:00,use_computer,0,start,603,case_id
604,use_computer,0,2020-03-31 20:08:00+00:00,use_computer,0,complete,604,case_id
605,someone_at_entrace,0,2020-03-31 20:08:00+00:00,someone_at_entrace,0,start,605,case_id
606,someone_at_entrace,0,2020-03-31 20:10:00+00:00,someone_at_entrace,0,complete,606,case_id
607,cook_and_eat_BP,0,2020-03-31 20:10:00+00:00,cook_and_eat_BP,0,start,607,case_id
608,cook_and_eat_BP,0,2020-03-31 20:13:00+00:00,cook_and_eat_BP,0,complete,608,case_id
609,drink,0,2020-03-31 21:08:00+00:00,drink,0,start,609,case_id
610,drink,0,2020-03-31 21:12:00+00:00,drink,0,complete,610,case_id
611,cook_and_eat_BP,0,2020-03-31 21:12:00+00:00,cook_and_eat_BP,0,start,611,case_id
612,cook_and_eat_BP,0,2020-03-31 21:31:00+00:00,cook_and_eat_BP,0,complete,612,case_id
613,wc,0,2020-03-31 21:32:00+00:00,wc,0,start,613,case_id
614,wc,0,2020-03-31 21:39:00+00:00,wc,0,complete,614,case_id
615,sleeping_BP,0,2020-03-31 21:39:00+00:00,sleeping_BP,0,start,615,case_id
616,sleeping_BP,0,2020-03-31 22:06:00+00:00,sleeping_BP,0,complete,616,case_id
617,wc,0,2020-04-01 07:40:00+00:00,wc,0,start,617,case_id
618,wc,0,2020-04-01 07:50:00+00:00,wc,0,complete,618,case_id
619,sleeping_BP,0,2020-04-01 07:51:00+00:00,sleeping_BP,0,complete,619,case_id
620,work_BP,0,2020-04-01 08:26:00+00:00,work_BP,0,start,620,case_id
621,work_BP,0,2020-04-01 18:45:00+00:00,work_BP,0,complete,621,case_id
622,drink,0,2020-04-01 18:45:00+00:00,drink,0,start,622,case_id
623,drink,0,2020-04-01 18:58:00+00:00,drink,0,complete,623,case_id
624,sleeping_BP,0,2020-04-01 18:58:00+00:00,sleeping_BP,0,complete,624,case_id
625,wc,0,2020-04-02 01:34:00+00:00,wc,0,start,625,case_id
626,wc,0,2020-04-02 01:41:00+00:00,wc,0,complete,626,case_id
627,cook_and_eat_BP,0,2020-04-02 01:41:00+00:00,cook_and_eat_BP,0,start,627,case_id
628,cook_and_eat_BP,0,2020-04-02 01:42:00+00:00,cook_and_eat_BP,0,complete,628,case_id
629,sleeping_BP,0,2020-04-02 01:42:00+00:00,sleeping_BP,0,start,629,case_id
630,sleeping_BP,0,2020-04-02 06:58:00+00:00,sleeping_BP,0,complete,630,case_id
631,use_computer,0,2020-04-02 06:58:00+00:00,use_computer,0,start,631,case_id
632,use_computer,0,2020-04-02 06:59:00+00:00,use_computer,0,complete,632,case_id
633,work_BP,0,2020-04-02 08:23:00+00:00,work_BP,0,start,633,case_id
634,work_BP,0,2020-04-02 18:43:00+00:00,work_BP,0,complete,634,case_id
635,drink,0,2020-04-02 18:43:00+00:00,drink,0,start,635,case_id
636,drink,0,2020-04-02 18:43:00+00:00,drink,0,complete,636,case_id
637,use_computer,0,2020-04-02 18:55:00+00:00,use_computer,0,start,637,case_id
638,use_computer,0,2020-04-02 19:29:00+00:00,use_computer,0,complete,638,case_id
639,cook_and_eat_BP,0,2020-04-02 19:29:00+00:00,cook_and_eat_BP,0,start,639,case_id
640,cook_and_eat_BP,0,2020-04-02 19:32:00+00:00,cook_and_eat_BP,0,complete,640,case_id
641,drink,0,2020-04-02 20:22:00+00:00,drink,0,start,641,case_id
642,drink,0,2020-04-02 20:23:00+00:00,drink,0,complete,642,case_id
643,cook_and_eat_BP,0,2020-04-02 20:23:00+00:00,cook_and_eat_BP,0,complete,643,case_id
644,drink,0,2020-04-02 21:11:00+00:00,drink,0,start,644,case_id
645,drink,0,2020-04-02 21:11:00+00:00,drink,0,complete,645,case_id
646,cook_and_eat_BP,0,2020-04-02 21:16:00+00:00,cook_and_eat_BP,0,complete,646,case_id
647,drink,0,2020-04-02 21:47:00+00:00,drink,0,start,647,case_id
648,drink,0,2020-04-02 21:47:00+00:00,drink,0,complete,648,case_id
649,someone_at_entrace,0,2020-04-02 21:47:00+00:00,someone_at_entrace,0,start,649,case_id
650,someone_at_entrace,0,2020-04-02 21:51:00+00:00,someone_at_entrace,0,complete,650,case_id
651,cook_and_eat_BP,0,2020-04-02 21:51:00+00:00,cook_and_eat_BP,0,start,651,case_id
652,cook_and_eat_BP,0,2020-04-02 22:00:00+00:00,cook_and_eat_BP,0,complete,652,case_id
653,wc,0,2020-04-02 22:00:00+00:00,wc,0,start,653,case_id
654,wc,0,2020-04-02 22:06:00+00:00,wc,0,complete,654,case_id
655,Airing_home,0,2020-04-02 22:06:00+00:00,Airing_home,0,start,655,case_id
656,Airing_home,0,2020-04-02 22:06:00+00:00,Airing_home,0,complete,656,case_id
657,drink,0,2020-04-02 22:06:00+00:00,drink,0,start,657,case_id
658,drink,0,2020-04-02 22:09:00+00:00,drink,0,complete,658,case_id
659,sleeping_BP,0,2020-04-02 22:09:00+00:00,sleeping_BP,0,start,659,case_id
660,sleeping_BP,0,2020-04-02 22:35:00+00:00,sleeping_BP,0,complete,660,case_id
661,wc,0,2020-04-03 05:08:00+00:00,wc,0,start,661,case_id
662,wc,0,2020-04-03 05:18:00+00:00,wc,0,complete,662,case_id
663,sleeping_BP,0,2020-04-03 05:19:00+00:00,sleeping_BP,0,complete,663,case_id
664,work_BP,0,2020-04-03 08:23:00+00:00,work_BP,0,start,664,case_id
665,work_BP,0,2020-04-03 18:42:00+00:00,work_BP,0,complete,665,case_id
666,drink,0,2020-04-03 18:42:00+00:00,drink,0,start,666,case_id
667,drink,0,2020-04-03 18:53:00+00:00,drink,0,complete,667,case_id
668,sleeping_BP,0,2020-04-03 18:53:00+00:00,sleeping_BP,0,start,668,case_id
669,sleeping_BP,0,2020-04-03 18:54:00+00:00,sleeping_BP,0,complete,669,case_id
670,wc,0,2020-04-03 23:08:00+00:00,wc,0,start,670,case_id
671,wc,0,2020-04-03 23:14:00+00:00,wc,0,complete,671,case_id
672,sleeping_BP,0,2020-04-03 23:15:00+00:00,sleeping_BP,0,complete,672,case_id
673,wc,0,2020-04-04 02:47:00+00:00,wc,0,start,673,case_id
674,wc,0,2020-04-04 02:52:00+00:00,wc,0,complete,674,case_id
675,use_computer,0,2020-04-04 02:52:00+00:00,use_computer,0,start,675,case_id
676,use_computer,0,2020-04-04 04:52:00+00:00,use_computer,0,complete,676,case_id
677,cook_and_eat_BP,0,2020-04-04 04:52:00+00:00,cook_and_eat_BP,0,start,677,case_id
678,cook_and_eat_BP,0,2020-04-04 04:55:00+00:00,cook_and_eat_BP,0,complete,678,case_id
679,someone_at_entrace,0,2020-04-04 06:05:00+00:00,someone_at_entrace,0,start,679,case_id
680,someone_at_entrace,0,2020-04-04 06:09:00+00:00,someone_at_entrace,0,complete,680,case_id
681,cook_and_eat_BP,0,2020-04-04 06:09:00+00:00,cook_and_eat_BP,0,start,681,case_id
682,cook_and_eat_BP,0,2020-04-04 06:18:00+00:00,cook_and_eat_BP,0,complete,682,case_id
683,drink,0,2020-04-04 06:18:00+00:00,drink,0,start,683,case_id
684,drink,0,2020-04-04 06:21:00+00:00,drink,0,complete,684,case_id
685,Airing_home_end,0,2020-04-04 06:21:00+00:00,Airing_home_end,0,start,685,case_id
686,Airing_home_end,0,2020-04-04 06:21:00+00:00,Airing_home_end,0,complete,686,case_id
687,sleeping_BP,0,2020-04-04 06:22:00+00:00,sleeping_BP,0,start,687,case_id
688,sleeping_BP,0,2020-04-04 07:36:00+00:00,sleeping_BP,0,complete,688,case_id
689,exercise,0,2020-04-04 07:36:00+00:00,exercise,0,start,689,case_id
690,exercise,0,2020-04-04 08:12:00+00:00,exercise,0,complete,690,case_id
691,relax_BP,0,2020-04-04 08:12:00+00:00,relax_BP,0,start,691,case_id
692,relax_BP,0,2020-04-04 08:55:00+00:00,relax_BP,0,complete,692,case_id
693,drink,0,2020-04-04 08:55:00+00:00,drink,0,start,693,case_id
694,drink,0,2020-04-04 08:57:00+00:00,drink,0,complete,694,case_id
695,relax_BP,0,2020-04-04 08:57:00+00:00,relax_BP,0,start,695,case_id
696,relax_BP,0,2020-04-04 10:16:00+00:00,relax_BP,0,complete,696,case_id
697,drink,0,2020-04-04 10:16:00+00:00,drink,0,start,697,case_id
698,drink,0,2020-04-04 10:18:00+00:00,drink,0,complete,698,case_id
699,relax_BP,0,2020-04-04 10:18:00+00:00,relax_BP,0,start,699,case_id
700,relax_BP,0,2020-04-04 11:42:00+00:00,relax_BP,0,complete,700,case_id
701,drink,0,2020-04-04 11:42:00+00:00,drink,0,start,701,case_id
702,drink,0,2020-04-04 11:44:00+00:00,drink,0,complete,702,case_id
703,wc,0,2020-04-04 11:44:00+00:00,wc,0,start,703,case_id
704,wc,0,2020-04-04 11:48:00+00:00,wc,0,complete,704,case_id
705,relax_BP,0,2020-04-04 11:48:00+00:00,relax_BP,0,start,705,case_id
706,relax_BP,0,2020-04-04 12:33:00+00:00,relax_BP,0,complete,706,case_id
707,use_computer,0,2020-04-04 12:33:00+00:00,use_computer,0,start,707,case_id
708,use_computer,0,2020-04-04 12:34:00+00:00,use_computer,0,complete,708,case_id
709,someone_at_entrace,0,2020-04-04 13:16:00+00:00,someone_at_entrace,0,start,709,case_id
710,someone_at_entrace,0,2020-04-04 13:19:00+00:00,someone_at_entrace,0,complete,710,case_id
711,use_computer,0,2020-04-04 13:19:00+00:00,use_computer,0,start,711,case_id
712,use_computer,0,2020-04-04 13:20:00+00:00,use_computer,0,complete,712,case_id
713,drink,0,2020-04-04 13:34:00+00:00,drink,0,start,713,case_id
714,drink,0,2020-04-04 13:36:00+00:00,drink,0,complete,714,case_id
715,use_computer,0,2020-04-04 13:36:00+00:00,use_computer,0,start,715,case_id
716,use_computer,0,2020-04-04 14:50:00+00:00,use_computer,0,complete,716,case_id
717,cook_and_eat_BP,0,2020-04-04 14:50:00+00:00,cook_and_eat_BP,0,start,717,case_id
718,cook_and_eat_BP,0,2020-04-04 15:28:00+00:00,cook_and_eat_BP,0,complete,718,case_id
719,drink,0,2020-04-04 15:29:00+00:00,drink,0,start,719,case_id
720,drink,0,2020-04-04 15:32:00+00:00,drink,0,complete,720,case_id
721,cook_and_eat_BP,0,2020-04-04 15:32:00+00:00,cook_and_eat_BP,0,complete,721,case_id
722,relax_BP,0,2020-04-04 15:32:00+00:00,relax_BP,0,start,722,case_id
723,relax_BP,0,2020-04-04 16:26:00+00:00,relax_BP,0,complete,723,case_id
724,wc,0,2020-04-04 16:26:00+00:00,wc,0,start,724,case_id
725,wc,0,2020-04-04 16:31:00+00:00,wc,0,complete,725,case_id
726,relax_BP,0,2020-04-04 16:31:00+00:00,relax_BP,0,start,726,case_id
727,relax_BP,0,2020-04-04 17:10:00+00:00,relax_BP,0,complete,727,case_id
728,drink,0,2020-04-04 17:10:00+00:00,drink,0,start,728,case_id
729,drink,0,2020-04-04 17:12:00+00:00,drink,0,complete,729,case_id
730,relax_BP,0,2020-04-04 17:12:00+00:00,relax_BP,0,start,730,case_id
731,relax_BP,0,2020-04-04 18:54:00+00:00,relax_BP,0,complete,731,case_id
732,drink,0,2020-04-04 18:54:00+00:00,drink,0,start,732,case_id
733,drink,0,2020-04-04 18:57:00+00:00,drink,0,complete,733,case_id
734,relax_BP,0,2020-04-04 18:57:00+00:00,relax_BP,0,start,734,case_id
735,relax_BP,0,2020-04-04 19:59:00+00:00,relax_BP,0,complete,735,case_id
736,wc,0,2020-04-04 19:59:00+00:00,wc,0,start,736,case_id
737,wc,0,2020-04-04 20:04:00+00:00,wc,0,complete,737,case_id
738,relax_BP,0,2020-04-04 20:04:00+00:00,relax_BP,0,start,738,case_id
739,relax_BP,0,2020-04-04 20:29:00+00:00,relax_BP,0,complete,739,case_id
740,drink,0,2020-04-04 20:29:00+00:00,drink,0,start,740,case_id
741,drink,0,2020-04-04 20:31:00+00:00,drink,0,complete,741,case_id
742,use_computer,0,2020-04-04 20:31:00+00:00,use_computer,0,start,742,case_id
743,use_computer,0,2020-04-04 21:39:00+00:00,use_computer,0,complete,743,case_id
744,cook_and_eat_BP,0,2020-04-04 21:39:00+00:00,cook_and_eat_BP,0,start,744,case_id
745,cook_and_eat_BP,0,2020-04-04 22:17:00+00:00,cook_and_eat_BP,0,complete,745,case_id
746,drink,0,2020-04-04 22:17:00+00:00,drink,0,start,746,case_id
747,drink,0,2020-04-04 22:20:00+00:00,drink,0,complete,747,case_id
748,relax_BP,0,2020-04-04 22:20:00+00:00,relax_BP,0,start,748,case_id
749,relax_BP,0,2020-04-04 22:56:00+00:00,relax_BP,0,complete,749,case_id
750,sleeping_BP,0,2020-04-04 22:56:00+00:00,sleeping_BP,0,start,750,case_id
751,sleeping_BP,0,2020-04-04 23:26:00+00:00,sleeping_BP,0,complete,751,case_id
752,someone_at_entrace,0,2020-04-05 13:02:00+00:00,someone_at_entrace,0,start,752,case_id
753,someone_at_entrace,0,2020-04-05 13:04:00+00:00,someone_at_entrace,0,complete,753,case_id
754,wc,0,2020-04-05 13:04:00+00:00,wc,0,start,754,case_id
755,wc,0,2020-04-05 13:10:00+00:00,wc,0,complete,755,case_id
756,drink,0,2020-04-05 13:10:00+00:00,drink,0,start,756,case_id
757,drink,0,2020-04-05 13:13:00+00:00,drink,0,complete,757,case_id
758,sleeping_BP,0,2020-04-05 13:13:00+00:00,sleeping_BP,0,start,758,case_id
759,sleeping_BP,0,2020-04-05 15:08:00+00:00,sleeping_BP,0,complete,759,case_id
760,relax_BP,0,2020-04-05 15:08:00+00:00,relax_BP,0,start,760,case_id
761,relax_BP,0,2020-04-05 16:30:00+00:00,relax_BP,0,complete,761,case_id
762,drink,0,2020-04-05 16:30:00+00:00,drink,0,start,762,case_id
763,drink,0,2020-04-05 16:33:00+00:00,drink,0,complete,763,case_id
764,relax_BP,0,2020-04-05 16:33:00+00:00,relax_BP,0,start,764,case_id
765,relax_BP,0,2020-04-05 18:14:00+00:00,relax_BP,0,complete,765,case_id
766,drink,0,2020-04-05 18:14:00+00:00,drink,0,start,766,case_id
767,drink,0,2020-04-05 18:16:00+00:00,drink,0,complete,767,case_id
768,relax_BP,0,2020-04-05 18:16:00+00:00,relax_BP,0,start,768,case_id
769,relax_BP,0,2020-04-05 19:28:00+00:00,relax_BP,0,complete,769,case_id
770,cook_and_eat_BP,0,2020-04-05 19:28:00+00:00,cook_and_eat_BP,0,start,770,case_id
771,cook_and_eat_BP,0,2020-04-05 20:09:00+00:00,cook_and_eat_BP,0,complete,771,case_id
772,drink,0,2020-04-05 20:10:00+00:00,drink,0,start,772,case_id
773,drink,0,2020-04-05 20:13:00+00:00,drink,0,complete,773,case_id
774,use_computer,0,2020-04-05 20:13:00+00:00,use_computer,0,start,774,case_id
775,use_computer,0,2020-04-05 22:03:00+00:00,use_computer,0,complete,775,case_id
776,drink,0,2020-04-05 22:03:00+00:00,drink,0,start,776,case_id
777,drink,0,2020-04-05 22:06:00+00:00,drink,0,complete,777,case_id
778,cook_and_eat_BP,0,2020-04-05 22:06:00+00:00,cook_and_eat_BP,0,complete,778,case_id
779,wc,0,2020-04-05 22:06:00+00:00,wc,0,start,779,case_id
780,wc,0,2020-04-05 22:11:00+00:00,wc,0,complete,780,case_id
781,relax_BP,0,2020-04-05 22:11:00+00:00,relax_BP,0,start,781,case_id
782,relax_BP,0,2020-04-05 23:24:00+00:00,relax_BP,0,complete,782,case_id
783,drink,0,2020-04-05 23:24:00+00:00,drink,0,start,783,case_id
784,drink,0,2020-04-05 23:26:00+00:00,drink,0,complete,784,case_id
785,relax_BP,0,2020-04-05 23:26:00+00:00,relax_BP,0,start,785,case_id
