,concept:name,org:resource,time:timestamp,Activity,Resource,lifecycle:transition,eventId,case:concept
0,go_dining_table:65,0,2020-03-16 20:41:00+00:00,go_dining_table:65,0,start,104,case_id
1,go_dining_table:65,0,2020-03-16 20:42:00+00:00,go_dining_table:65,0,complete,108,case_id
2,interact_with_man:38,0,2020-03-16 20:35:00+00:00,interact_with_man:38,0,start,90,case_id
3,interact_with_man:38,0,2020-03-16 20:39:00+00:00,interact_with_man:38,0,complete,94,case_id
4,go_dining_table:65,0,2020-03-16 21:34:00+00:00,go_dining_table:65,0,start,121,case_id
5,go_dining_table:65,0,2020-03-16 21:59:00+00:00,go_dining_table:65,0,complete,123,case_id
6,get_clothes:30,0,2020-03-16 00:00:00+00:00,get_clothes:30,0,start,1,case_id
7,get_clothes:30,0,2020-03-16 00:01:00+00:00,get_clothes:30,0,complete,3,case_id
8,interact_with_man:38,0,2020-03-18 01:17:00+00:00,interact_with_man:38,0,start,291,case_id
9,interact_with_man:38,0,2020-03-18 01:21:00+00:00,interact_with_man:38,0,complete,295,case_id
10,interact_with_man:38,0,2020-03-18 19:20:00+00:00,interact_with_man:38,0,start,492,case_id
11,interact_with_man:38,0,2020-03-18 19:23:00+00:00,interact_with_man:38,0,complete,495,case_id
12,go_computer:86,0,2020-03-16 07:40:00+00:00,go_computer:86,0,start,34,case_id
13,go_computer:86,0,2020-03-16 07:41:00+00:00,go_computer:86,0,complete,35,case_id
14,get_clothes:30,0,2020-03-16 00:05:00+00:00,get_clothes:30,0,start,6,case_id
15,get_clothes:30,0,2020-03-16 00:30:00+00:00,get_clothes:30,0,complete,10,case_id
16,do_exercise:12,0,2020-03-21 21:56:00+00:00,do_exercise:12,0,start,986,case_id
17,get_clothes:30,0,2020-03-16 23:51:00+00:00,get_clothes:30,0,start,174,case_id
18,do_exercise:12,0,2020-03-21 22:30:00+00:00,do_exercise:12,0,complete,989,case_id
19,get_clothes:30,0,2020-03-16 23:52:00+00:00,get_clothes:30,0,complete,176,case_id
20,change_clothes:112,0,2020-03-16 00:01:00+00:00,change_clothes:112,0,start,4,case_id
21,change_clothes:112,0,2020-03-16 00:05:00+00:00,change_clothes:112,0,complete,5,case_id
22,go_windows:6,0,2020-03-21 16:53:00+00:00,go_windows:6,0,start,877,case_id
23,go_windows:6,0,2020-03-21 16:54:00+00:00,go_windows:6,0,complete,883,case_id
24,go_bed:47,0,2020-03-16 00:30:00+00:00,go_bed:47,0,start,12,case_id
25,go_bed:47,0,2020-03-16 07:33:00+00:00,go_bed:47,0,complete,18,case_id
26,wc_do:134,0,2020-03-16 00:30:00+00:00,wc_do:134,0,start,11,case_id
27,wc_do:134,0,2020-03-16 20:35:00+00:00,wc_do:134,0,complete,89,case_id
28,interact_with_man:38,0,2020-03-20 22:30:00+00:00,interact_with_man:38,0,start,740,case_id
29,interact_with_man:38,0,2020-03-20 22:34:00+00:00,interact_with_man:38,0,complete,744,case_id
30,get_water:240,0,2020-03-16 07:38:00+00:00,get_water:240,0,start,23,case_id
31,get_water:240,0,2020-03-16 07:40:00+00:00,get_water:240,0,complete,33,case_id
32,interact_with_man:38,0,2020-03-22 10:12:00+00:00,interact_with_man:38,0,start,1263,case_id
33,interact_with_man:38,0,2020-03-22 10:14:00+00:00,interact_with_man:38,0,complete,1266,case_id
34,get_clothes:30,0,2020-03-16 23:55:00+00:00,get_clothes:30,0,start,179,case_id
35,get_clothes:30,0,2020-03-17 00:22:00+00:00,get_clothes:30,0,complete,183,case_id
36,go_bed:47,0,2020-03-17 00:22:00+00:00,go_bed:47,0,start,185,case_id
37,go_bed:47,0,2020-03-17 00:28:00+00:00,go_bed:47,0,complete,189,case_id
38,go_dining_table:65,0,2020-03-17 20:52:00+00:00,go_dining_table:65,0,start,260,case_id
39,go_dining_table:65,0,2020-03-17 20:53:00+00:00,go_dining_table:65,0,complete,264,case_id
40,go_bed:47,0,2020-03-17 04:11:00+00:00,go_bed:47,0,start,201,case_id
41,go_bed:47,0,2020-03-17 04:12:00+00:00,go_bed:47,0,complete,202,case_id
42,interact_with_man:38,0,2020-03-22 15:09:00+00:00,interact_with_man:38,0,start,1372,case_id
43,interact_with_man:38,0,2020-03-22 15:12:00+00:00,interact_with_man:38,0,complete,1375,case_id
44,go_chair:4,0,2020-03-16 22:42:00+00:00,go_chair:4,0,start,162,case_id
45,go_chair:4,0,2020-03-16 23:50:00+00:00,go_chair:4,0,complete,171,case_id
46,change_clothes:112,0,2020-03-16 07:33:00+00:00,change_clothes:112,0,start,19,case_id
47,change_clothes:112,0,2020-03-16 07:38:00+00:00,change_clothes:112,0,complete,22,case_id
48,go_windows:6,0,2020-03-22 18:17:00+00:00,go_windows:6,0,start,1440,case_id
49,go_windows:6,0,2020-03-22 18:18:00+00:00,go_windows:6,0,complete,1446,case_id
50,wash_hands:192,0,2020-03-16 20:39:00+00:00,wash_hands:192,0,start,96,case_id
51,go_dining_table:65,0,2020-03-17 21:49:00+00:00,go_dining_table:65,0,start,277,case_id
52,go_dining_table:65,0,2020-03-18 02:27:00+00:00,go_dining_table:65,0,complete,307,case_id
53,go_bed:47,0,2020-03-17 22:18:00+00:00,go_bed:47,0,start,279,case_id
54,go_bed:47,0,2020-03-18 02:16:00+00:00,go_bed:47,0,complete,299,case_id
55,get_clothes:30,0,2020-03-18 22:28:00+00:00,get_clothes:30,0,start,564,case_id
57,get_clothes:30,0,2020-03-18 22:29:00+00:00,get_clothes:30,0,complete,566,case_id
56,wc_do:134,0,2020-03-16 20:39:00+00:00,wc_do:134,0,start,95,case_id
58,wc_do:134,0,2020-03-16 22:32:00+00:00,wc_do:134,0,complete,143,case_id
59,interact_with_man:38,0,2020-03-24 04:00:00+00:00,interact_with_man:38,0,start,1585,case_id
60,interact_with_man:38,0,2020-03-24 04:04:00+00:00,interact_with_man:38,0,complete,1589,case_id
61,interact_with_man:38,0,2020-03-24 18:49:00+00:00,interact_with_man:38,0,start,1688,case_id
62,interact_with_man:38,0,2020-03-24 18:52:00+00:00,interact_with_man:38,0,complete,1691,case_id
63,wash_hands:192,0,2020-03-16 20:41:00+00:00,wash_hands:192,0,complete,102,case_id
64,get_clothes:30,0,2020-03-18 22:32:00+00:00,get_clothes:30,0,start,569,case_id
65,get_clothes:30,0,2020-03-18 22:58:00+00:00,get_clothes:30,0,complete,573,case_id
66,get_water:240,0,2020-03-16 18:31:00+00:00,get_water:240,0,start,66,case_id
67,get_water:240,0,2020-03-16 18:43:00+00:00,get_water:240,0,complete,77,case_id
68,go_bed:47,0,2020-03-18 22:58:00+00:00,go_bed:47,0,start,575,case_id
69,go_bed:47,0,2020-03-18 23:04:00+00:00,go_bed:47,0,complete,579,case_id
70,interact_with_man:38,0,2020-03-26 04:13:00+00:00,interact_with_man:38,0,start,1880,case_id
71,interact_with_man:38,0,2020-03-26 04:17:00+00:00,interact_with_man:38,0,complete,1883,case_id
72,go_computer:86,0,2020-03-16 18:43:00+00:00,go_computer:86,0,start,78,case_id
73,go_computer:86,0,2020-03-16 20:35:00+00:00,go_computer:86,0,complete,86,case_id
74,go_chair:4,0,2020-03-18 02:29:00+00:00,go_chair:4,0,start,323,case_id
75,go_chair:4,0,2020-03-18 03:28:00+00:00,go_chair:4,0,complete,333,case_id
76,get_clothes:30,0,2020-03-20 22:45:00+00:00,get_clothes:30,0,start,834,case_id
77,interact_with_man:38,0,2020-03-26 20:32:00+00:00,interact_with_man:38,0,start,2007,case_id
78,get_clothes:30,0,2020-03-20 22:46:00+00:00,get_clothes:30,0,complete,836,case_id
79,interact_with_man:38,0,2020-03-26 20:35:00+00:00,interact_with_man:38,0,complete,2010,case_id
80,go_bed:47,0,2020-03-19 05:23:00+00:00,go_bed:47,0,start,587,case_id
81,go_bed:47,0,2020-03-19 18:58:00+00:00,go_bed:47,0,complete,626,case_id
82,wash_hands:192,0,2020-03-16 22:32:00+00:00,wash_hands:192,0,start,144,case_id
83,go_dining_table:65,0,2020-03-18 08:06:00+00:00,go_dining_table:65,0,start,441,case_id
84,go_dining_table:65,0,2020-03-18 08:07:00+00:00,go_dining_table:65,0,complete,445,case_id
85,wash_hands:192,0,2020-03-16 22:32:00+00:00,wash_hands:192,0,complete,145,case_id
86,go_chair:4,0,2020-03-18 03:32:00+00:00,go_chair:4,0,start,344,case_id
87,go_chair:4,0,2020-03-18 03:56:00+00:00,go_chair:4,0,complete,347,case_id
88,go_dining_table:65,0,2020-03-18 18:56:00+00:00,go_dining_table:65,0,start,483,case_id
89,go_dining_table:65,0,2020-03-18 19:19:00+00:00,go_dining_table:65,0,complete,485,case_id
90,get_water:240,0,2020-03-16 20:41:00+00:00,get_water:240,0,start,103,case_id
91,get_water:240,0,2020-03-16 21:34:00+00:00,get_water:240,0,complete,120,case_id
92,get_clothes:30,0,2020-03-20 22:51:00+00:00,get_clothes:30,0,start,839,case_id
93,get_clothes:30,0,2020-03-20 23:12:00+00:00,get_clothes:30,0,complete,842,case_id
94,wc_do:134,0,2020-03-17 00:22:00+00:00,wc_do:134,0,start,184,case_id
95,wc_do:134,0,2020-03-17 04:11:00+00:00,wc_do:134,0,complete,198,case_id
96,do_exercise:12,0,2020-03-28 07:32:00+00:00,do_exercise:12,0,start,2240,case_id
97,do_exercise:12,0,2020-03-28 08:08:00+00:00,do_exercise:12,0,complete,2243,case_id
98,get_clothes:30,0,2020-03-22 21:52:00+00:00,get_clothes:30,0,start,1513,case_id
99,get_clothes:30,0,2020-03-22 21:53:00+00:00,get_clothes:30,0,complete,1515,case_id
100,go_bed:47,0,2020-03-20 00:01:00+00:00,go_bed:47,0,start,633,case_id
101,go_bed:47,0,2020-03-20 22:10:00+00:00,go_bed:47,0,complete,728,case_id
102,get_clothes:30,0,2020-03-22 21:57:00+00:00,get_clothes:30,0,start,1518,case_id
103,get_clothes:30,0,2020-03-22 22:11:00+00:00,get_clothes:30,0,complete,1521,case_id
104,go_windows:6,0,2020-04-02 22:06:00+00:00,go_windows:6,0,start,3385,case_id
105,go_windows:6,0,2020-04-02 22:06:00+00:00,go_windows:6,0,complete,3390,case_id
106,go_dining_table:65,0,2020-03-18 21:18:00+00:00,go_dining_table:65,0,start,540,case_id
107,go_computer:86,0,2020-03-17 18:52:00+00:00,go_computer:86,0,start,239,case_id
108,get_clothes:30,0,2020-03-24 22:43:00+00:00,get_clothes:30,0,start,1777,case_id
108,go_windows:6,0,2020-04-04 06:21:00+00:00,go_windows:6,0,start,3533,case_id
110,get_clothes:30,0,2020-03-24 22:44:00+00:00,get_clothes:30,0,complete,1779,case_id
111,go_windows:6,0,2020-04-04 06:21:00+00:00,go_windows:6,0,complete,3537,case_id
112,go_computer:86,0,2020-03-17 20:50:00+00:00,go_computer:86,0,complete,247,case_id
113,go_dining_table:65,0,2020-03-18 22:24:00+00:00,go_dining_table:65,0,complete,546,case_id
114,wc_do:134,0,2020-03-17 20:50:00+00:00,wc_do:134,0,start,248,case_id
115,wc_do:134,0,2020-03-17 20:50:00+00:00,wc_do:134,0,complete,251,case_id
116,get_water:240,0,2020-03-16 21:59:00+00:00,get_water:240,0,start,124,case_id
117,get_water:240,0,2020-03-16 21:59:00+00:00,get_water:240,0,complete,127,case_id
118,get_clothes:30,0,2020-03-24 22:49:00+00:00,get_clothes:30,0,start,1782,case_id
119,get_clothes:30,0,2020-03-24 23:10:00+00:00,get_clothes:30,0,complete,1785,case_id
120,wash_hands:192,0,2020-03-17 04:11:00+00:00,wash_hands:192,0,start,199,case_id
121,do_exercise:12,0,2020-04-04 07:36:00+00:00,do_exercise:12,0,start,3545,case_id
122,wash_hands:192,0,2020-03-17 04:11:00+00:00,wash_hands:192,0,complete,200,case_id
123,do_exercise:12,0,2020-04-04 08:12:00+00:00,do_exercise:12,0,complete,3548,case_id
124,go_dining_table:65,0,2020-03-20 19:58:00+00:00,go_dining_table:65,0,start,699,case_id
125,interact_with_man:38,0,2020-03-28 04:25:00+00:00,interact_with_man:38,0,start,2189,case_id
126,go_dining_table:65,0,2020-03-20 19:59:00+00:00,go_dining_table:65,0,complete,703,case_id
127,interact_with_man:38,0,2020-03-28 04:27:00+00:00,interact_with_man:38,0,complete,2192,case_id
128,go_bed:47,0,2020-03-20 23:12:00+00:00,go_bed:47,0,start,844,case_id
129,go_bed:47,0,2020-03-20 23:17:00+00:00,go_bed:47,0,complete,848,case_id
130,go_computer:86,0,2020-03-18 06:06:00+00:00,go_computer:86,0,start,405,case_id
131,go_computer:86,0,2020-03-18 06:07:00+00:00,go_computer:86,0,complete,411,case_id
132,wash_hands:192,0,2020-03-17 20:50:00+00:00,wash_hands:192,0,start,252,case_id
133,wash_hands:192,0,2020-03-17 20:52:00+00:00,wash_hands:192,0,complete,258,case_id
134,wash_hands:192,0,2020-03-18 01:17:00+00:00,wash_hands:192,0,start,289,case_id
135,wash_hands:192,0,2020-03-18 01:17:00+00:00,wash_hands:192,0,complete,290,case_id
136,go_bed:47,0,2020-03-21 03:32:00+00:00,go_bed:47,0,start,860,case_id
137,go_dining_table:65,0,2020-03-20 20:50:00+00:00,go_dining_table:65,0,start,711,case_id
138,go_dining_table:65,0,2020-03-20 21:37:00+00:00,go_dining_table:65,0,complete,724,case_id
140,interact_with_man:38,0,2020-03-28 13:06:00+00:00,interact_with_man:38,0,start,2334,case_id
139,go_bed:47,0,2020-03-21 16:43:00+00:00,go_bed:47,0,complete,862,case_id
141,interact_with_man:38,0,2020-03-28 13:09:00+00:00,interact_with_man:38,0,complete,2337,case_id
142,wash_hands:192,0,2020-03-18 03:32:00+00:00,wash_hands:192,0,start,342,case_id
143,go_dining_table:65,0,2020-03-20 22:13:00+00:00,go_dining_table:65,0,start,733,case_id
144,wash_hands:192,0,2020-03-18 03:32:00+00:00,wash_hands:192,0,complete,343,case_id
145,go_dining_table:65,0,2020-03-20 22:30:00+00:00,go_dining_table:65,0,complete,735,case_id
146,wash_hands:192,0,2020-03-18 05:45:00+00:00,wash_hands:192,0,start,399,case_id
147,wash_hands:192,0,2020-03-18 05:45:00+00:00,wash_hands:192,0,complete,400,case_id
148,wc_do:134,0,2020-03-18 01:08:00+00:00,wc_do:134,0,start,281,case_id
149,wc_do:134,0,2020-03-18 01:17:00+00:00,wc_do:134,0,complete,288,case_id
150,interact_with_man:38,0,2020-03-29 12:41:00+00:00,interact_with_man:38,0,start,2567,case_id
151,interact_with_man:38,0,2020-03-29 12:44:00+00:00,interact_with_man:38,0,complete,2570,case_id
152,go_chair:4,0,2020-03-18 03:58:00+00:00,go_chair:4,0,start,360,case_id
153,go_chair:4,0,2020-03-18 05:18:00+00:00,go_chair:4,0,complete,373,case_id
154,go_bed:47,0,2020-03-22 22:11:00+00:00,go_bed:47,0,start,1523,case_id
155,go_bed:47,0,2020-03-22 22:16:00+00:00,go_bed:47,0,complete,1527,case_id
156,go_chair:4,0,2020-03-18 05:21:00+00:00,go_chair:4,0,start,386,case_id
157,go_chair:4,0,2020-03-18 05:40:00+00:00,go_chair:4,0,complete,389,case_id
158,go_bed:47,0,2020-03-23 18:55:00+00:00,go_bed:47,0,start,1565,case_id
159,go_computer:86,0,2020-03-18 07:23:00+00:00,go_computer:86,0,start,424,case_id
160,go_bed:47,0,2020-03-23 18:56:00+00:00,go_bed:47,0,complete,1566,case_id
161,go_computer:86,0,2020-03-18 08:04:00+00:00,go_computer:86,0,complete,428,case_id
162,interact_with_man:38,0,2020-03-29 14:49:00+00:00,interact_with_man:38,0,start,2593,case_id
164,interact_with_man:38,0,2020-03-29 14:52:00+00:00,interact_with_man:38,0,complete,2596,case_id
163,go_chair:4,0,2020-03-18 05:45:00+00:00,go_chair:4,0,start,401,case_id
165,go_dining_table:65,0,2020-03-21 19:30:00+00:00,go_dining_table:65,0,start,940,case_id
166,go_chair:4,0,2020-03-18 06:06:00+00:00,go_chair:4,0,complete,404,case_id
167,go_dining_table:65,0,2020-03-21 20:09:00+00:00,go_dining_table:65,0,complete,946,case_id
168,wash_hands:192,0,2020-03-18 08:05:00+00:00,wash_hands:192,0,start,434,case_id
169,wash_hands:192,0,2020-03-18 08:06:00+00:00,wash_hands:192,0,complete,439,case_id
170,go_bed:47,0,2020-03-23 23:43:00+00:00,go_bed:47,0,start,1574,case_id
171,go_bed:47,0,2020-03-24 07:14:00+00:00,go_bed:47,0,complete,1637,case_id
172,wash_hands:192,0,2020-03-18 21:16:00+00:00,wash_hands:192,0,start,529,case_id
173,wash_hands:192,0,2020-03-18 21:16:00+00:00,wash_hands:192,0,complete,530,case_id
174,get_water:240,0,2020-03-16 22:32:00+00:00,get_water:240,0,start,146,case_id
175,get_water:240,0,2020-03-16 22:34:00+00:00,get_water:240,0,complete,157,case_id
176,go_dining_table:65,0,2020-03-22 01:37:00+00:00,go_dining_table:65,0,start,1059,case_id
177,go_dining_table:65,0,2020-03-22 02:09:00+00:00,go_dining_table:65,0,complete,1065,case_id
178,go_chair:4,0,2020-03-21 16:54:00+00:00,go_chair:4,0,start,884,case_id
179,go_chair:4,0,2020-03-21 17:14:00+00:00,go_chair:4,0,complete,887,case_id
180,interact_with_man:38,0,2020-03-29 15:56:00+00:00,interact_with_man:38,0,start,2620,case_id
181,interact_with_man:38,0,2020-03-29 16:00:00+00:00,interact_with_man:38,0,complete,2623,case_id
182,go_bed:47,0,2020-03-24 23:10:00+00:00,go_bed:47,0,start,1787,case_id
183,go_bed:47,0,2020-03-24 23:15:00+00:00,go_bed:47,0,complete,1791,case_id
184,interact_with_man:38,0,2020-03-31 20:08:00+00:00,interact_with_man:38,0,start,3143,case_id
185,interact_with_man:38,0,2020-03-31 20:10:00+00:00,interact_with_man:38,0,complete,3146,case_id
186,go_bed:47,0,2020-03-25 04:41:00+00:00,go_bed:47,0,start,1803,case_id
187,go_bed:47,0,2020-03-25 18:53:00+00:00,go_bed:47,0,complete,1840,case_id
188,go_bed:47,0,2020-03-26 04:26:00+00:00,go_bed:47,0,start,1890,case_id
189,go_bed:47,0,2020-03-26 05:54:00+00:00,go_bed:47,0,complete,1892,case_id
190,wash_hands:192,0,2020-03-18 21:16:00+00:00,wash_hands:192,0,start,532,case_id
191,wash_hands:192,0,2020-03-18 21:18:00+00:00,wash_hands:192,0,complete,538,case_id
192,interact_with_man:38,0,2020-04-02 21:47:00+00:00,interact_with_man:38,0,start,3364,case_id
193,interact_with_man:38,0,2020-04-02 21:51:00+00:00,interact_with_man:38,0,complete,3367,case_id
194,go_dining_table:65,0,2020-03-22 07:49:00+00:00,go_dining_table:65,0,start,1196,case_id
195,go_dining_table:65,0,2020-03-22 08:20:00+00:00,go_dining_table:65,0,complete,1202,case_id
196,interact_with_man:38,0,2020-04-04 06:05:00+00:00,interact_with_man:38,0,start,3511,case_id
197,interact_with_man:38,0,2020-04-04 06:09:00+00:00,interact_with_man:38,0,complete,3514,case_id
198,interact_with_man:38,0,2020-04-04 13:16:00+00:00,interact_with_man:38,0,start,3640,case_id
199,interact_with_man:38,0,2020-04-04 13:19:00+00:00,interact_with_man:38,0,complete,3643,case_id
200,get_clothes:30,0,2020-03-26 22:56:00+00:00,get_clothes:30,0,start,2084,case_id
201,get_clothes:30,0,2020-03-26 22:57:00+00:00,get_clothes:30,0,complete,2086,case_id
202,interact_with_man:38,0,2020-04-05 13:02:00+00:00,interact_with_man:38,0,start,3870,case_id
203,go_dining_table:65,0,2020-03-22 13:58:00+00:00,go_dining_table:65,0,start,1344,case_id
204,interact_with_man:38,0,2020-04-05 13:04:00+00:00,interact_with_man:38,0,complete,3873,case_id
205,go_dining_table:65,0,2020-03-22 14:31:00+00:00,go_dining_table:65,0,complete,1350,case_id
206,wc_do:134,0,2020-03-18 03:28:00+00:00,wc_do:134,0,start,334,case_id
207,wc_do:134,0,2020-03-18 03:32:00+00:00,wc_do:134,0,complete,341,case_id
208,go_dining_table:65,0,2020-03-22 20:54:00+00:00,go_dining_table:65,0,start,1485,case_id
209,wash_hands:192,0,2020-03-20 19:57:00+00:00,wash_hands:192,0,start,691,case_id
210,wash_hands:192,0,2020-03-20 19:58:00+00:00,wash_hands:192,0,complete,697,case_id
211,go_dining_table:65,0,2020-03-22 21:27:00+00:00,go_dining_table:65,0,complete,1491,case_id
212,wash_hands:192,0,2020-03-20 22:37:00+00:00,wash_hands:192,0,start,752,case_id
213,wash_hands:192,0,2020-03-20 22:37:00+00:00,wash_hands:192,0,complete,753,case_id
213,go_computer:86,0,2020-03-18 19:23:00+00:00,go_computer:86,0,start,496,case_id
215,get_clothes:30,0,2020-03-26 23:01:00+00:00,get_clothes:30,0,start,2089,case_id
216,go_computer:86,0,2020-03-18 21:05:00+00:00,go_computer:86,0,complete,505,case_id
217,wash_hands:192,0,2020-03-20 22:41:00+00:00,wash_hands:192,0,start,774,case_id
218,wash_hands:192,0,2020-03-20 22:41:00+00:00,wash_hands:192,0,complete,775,case_id
219,get_clothes:30,0,2020-03-26 23:29:00+00:00,get_clothes:30,0,complete,2092,case_id
220,wash_hands:192,0,2020-03-20 22:42:00+00:00,wash_hands:192,0,start,784,case_id
221,wash_hands:192,0,2020-03-20 22:42:00+00:00,wash_hands:192,0,complete,785,case_id
222,wash_hands:192,0,2020-03-20 22:42:00+00:00,wash_hands:192,0,start,793,case_id
223,wash_hands:192,0,2020-03-20 22:42:00+00:00,wash_hands:192,0,complete,794,case_id
224,wash_hands:192,0,2020-03-20 22:43:00+00:00,wash_hands:192,0,start,802,case_id
225,wash_hands:192,0,2020-03-20 22:43:00+00:00,wash_hands:192,0,complete,803,case_id
226,go_dining_table:65,0,2020-03-24 05:29:00+00:00,go_dining_table:65,0,start,1612,case_id
227,go_computer:86,0,2020-03-20 08:08:00+00:00,go_computer:86,0,start,640,case_id
228,go_dining_table:65,0,2020-03-24 06:40:00+00:00,go_dining_table:65,0,complete,1618,case_id
229,go_computer:86,0,2020-03-20 08:08:00+00:00,go_computer:86,0,complete,645,case_id
230,wash_hands:192,0,2020-03-20 22:43:00+00:00,wash_hands:192,0,start,812,case_id
231,wash_hands:192,0,2020-03-20 22:43:00+00:00,wash_hands:192,0,complete,813,case_id
232,get_water:240,0,2020-03-17 18:39:00+00:00,get_water:240,0,start,228,case_id
233,get_water:240,0,2020-03-17 18:52:00+00:00,get_water:240,0,complete,238,case_id
234,wash_hands:192,0,2020-03-20 22:44:00+00:00,wash_hands:192,0,start,822,case_id
235,wash_hands:192,0,2020-03-20 22:44:00+00:00,wash_hands:192,0,complete,823,case_id
236,go_bed:47,0,2020-03-26 23:29:00+00:00,go_bed:47,0,start,2094,case_id
238,go_computer:86,0,2020-03-20 18:51:00+00:00,go_computer:86,0,start,683,case_id
239,wash_hands:192,0,2020-03-20 22:45:00+00:00,wash_hands:192,0,start,831,case_id
240,go_computer:86,0,2020-03-20 19:57:00+00:00,go_computer:86,0,complete,686,case_id
241,wash_hands:192,0,2020-03-20 22:45:00+00:00,wash_hands:192,0,complete,832,case_id
237,go_bed:47,0,2020-03-26 23:35:00+00:00,go_bed:47,0,complete,2098,case_id
242,wash_hands:192,0,2020-03-21 03:32:00+00:00,wash_hands:192,0,start,858,case_id
243,wash_hands:192,0,2020-03-21 03:32:00+00:00,wash_hands:192,0,complete,859,case_id
244,wash_hands:192,0,2020-03-21 16:53:00+00:00,wash_hands:192,0,start,875,case_id
245,wash_hands:192,0,2020-03-21 16:53:00+00:00,wash_hands:192,0,complete,876,case_id
246,get_clothes:30,0,2020-03-28 22:58:00+00:00,get_clothes:30,0,start,2551,case_id
247,get_clothes:30,0,2020-03-28 22:59:00+00:00,get_clothes:30,0,complete,2553,case_id
248,go_bed:47,0,2020-03-27 05:01:00+00:00,go_bed:47,0,start,2110,case_id
249,go_bed:47,0,2020-03-27 18:53:00+00:00,go_bed:47,0,complete,2149,case_id
250,go_dining_table:65,0,2020-03-24 20:18:00+00:00,go_dining_table:65,0,start,1713,case_id
251,go_bed:47,0,2020-03-28 04:40:00+00:00,go_bed:47,0,start,2213,case_id
252,go_dining_table:65,0,2020-03-24 20:18:00+00:00,go_dining_table:65,0,complete,1717,case_id
253,go_bed:47,0,2020-03-28 06:39:00+00:00,go_bed:47,0,complete,2215,case_id
254,go_dining_table:65,0,2020-03-24 21:12:00+00:00,go_dining_table:65,0,start,1730,case_id
255,go_dining_table:65,0,2020-03-24 21:29:00+00:00,go_dining_table:65,0,complete,1732,case_id
256,go_chair:4,0,2020-03-21 17:16:00+00:00,go_chair:4,0,start,899,case_id
257,go_chair:4,0,2020-03-21 19:07:00+00:00,go_chair:4,0,complete,914,case_id
258,wash_hands:192,0,2020-03-21 19:28:00+00:00,wash_hands:192,0,start,932,case_id
259,wash_hands:192,0,2020-03-21 19:29:00+00:00,wash_hands:192,0,complete,937,case_id
260,go_dining_table:65,0,2020-03-26 03:04:00+00:00,go_dining_table:65,0,start,1874,case_id
261,go_dining_table:65,0,2020-03-26 03:04:00+00:00,go_dining_table:65,0,complete,1878,case_id
262,wash_hands:192,0,2020-03-21 22:35:00+00:00,wash_hands:192,0,start,999,case_id
263,wash_hands:192,0,2020-03-21 22:35:00+00:00,wash_hands:192,0,complete,1000,case_id
264,go_chair:4,0,2020-03-21 19:09:00+00:00,go_chair:4,0,start,926,case_id
265,go_dining_table:65,0,2020-03-26 04:17:00+00:00,go_dining_table:65,0,start,1884,case_id
266,go_chair:4,0,2020-03-21 19:28:00+00:00,go_chair:4,0,complete,930,case_id
267,go_dining_table:65,0,2020-03-26 04:25:00+00:00,go_dining_table:65,0,complete,1886,case_id
268,go_computer:86,0,2020-03-21 20:11:00+00:00,go_computer:86,0,start,962,case_id
269,go_computer:86,0,2020-03-21 21:53:00+00:00,go_computer:86,0,complete,971,case_id
270,go_bed:47,0,2020-03-28 23:21:00+00:00,go_bed:47,0,start,2561,case_id
271,go_bed:47,0,2020-03-28 23:26:00+00:00,go_bed:47,0,complete,2565,case_id
272,go_bed:47,0,2020-03-29 12:47:00+00:00,go_bed:47,0,start,2583,case_id
273,go_bed:47,0,2020-03-29 14:32:00+00:00,go_bed:47,0,complete,2585,case_id
274,go_dining_table:65,0,2020-03-26 20:37:00+00:00,go_dining_table:65,0,start,2020,case_id
275,go_dining_table:65,0,2020-03-26 20:37:00+00:00,go_dining_table:65,0,complete,2024,case_id
276,get_clothes:30,0,2020-03-28 23:02:00+00:00,get_clothes:30,0,start,2556,case_id
277,get_clothes:30,0,2020-03-28 23:21:00+00:00,get_clothes:30,0,complete,2559,case_id
278,go_dining_table:65,0,2020-03-26 21:33:00+00:00,go_dining_table:65,0,start,2037,case_id
279,go_dining_table:65,0,2020-03-26 22:05:00+00:00,go_dining_table:65,0,complete,2047,case_id
280,wash_hands:192,0,2020-03-22 01:36:00+00:00,wash_hands:192,0,start,1052,case_id
281,wash_hands:192,0,2020-03-22 01:37:00+00:00,wash_hands:192,0,complete,1057,case_id
282,get_clothes:30,0,2020-03-30 00:04:00+00:00,get_clothes:30,0,start,2779,case_id
283,get_clothes:30,0,2020-03-30 00:06:00+00:00,get_clothes:30,0,complete,2781,case_id
284,wash_hands:192,0,2020-03-22 02:16:00+00:00,wash_hands:192,0,start,1088,case_id
285,wash_hands:192,0,2020-03-22 02:16:00+00:00,wash_hands:192,0,complete,1089,case_id
286,go_computer:86,0,2020-03-22 02:54:00+00:00,go_computer:86,0,start,1101,case_id
287,go_computer:86,0,2020-03-22 02:54:00+00:00,go_computer:86,0,complete,1106,case_id
288,go_bed:47,0,2020-03-30 00:39:00+00:00,go_bed:47,0,start,2790,case_id
289,wash_hands:192,0,2020-03-22 06:27:00+00:00,wash_hands:192,0,start,1160,case_id
290,go_bed:47,0,2020-03-30 00:45:00+00:00,go_bed:47,0,complete,2794,case_id
291,wash_hands:192,0,2020-03-22 06:27:00+00:00,wash_hands:192,0,complete,1161,case_id
292,get_clothes:30,0,2020-03-30 00:09:00+00:00,get_clothes:30,0,start,2784,case_id
293,get_clothes:30,0,2020-03-30 00:39:00+00:00,get_clothes:30,0,complete,2788,case_id
294,go_bed:47,0,2020-03-30 22:30:00+00:00,go_bed:47,0,start,2882,case_id
295,go_bed:47,0,2020-03-31 00:08:00+00:00,go_bed:47,0,complete,2885,case_id
296,wc_do:134,0,2020-03-18 05:40:00+00:00,wc_do:134,0,start,390,case_id
297,wc_do:134,0,2020-03-18 05:45:00+00:00,wc_do:134,0,complete,398,case_id
298,go_computer:86,0,2020-03-22 03:53:00+00:00,go_computer:86,0,start,1119,case_id
299,go_computer:86,0,2020-03-22 05:00:00+00:00,go_computer:86,0,complete,1123,case_id
300,wash_hands:192,0,2020-03-22 07:48:00+00:00,wash_hands:192,0,start,1189,case_id
301,wash_hands:192,0,2020-03-22 07:49:00+00:00,wash_hands:192,0,complete,1194,case_id
302,change_clothes:112,0,2020-03-16 08:10:00+00:00,change_clothes:112,0,start,42,case_id
303,change_clothes:112,0,2020-03-16 18:31:00+00:00,change_clothes:112,0,complete,65,case_id
304,wash_hands:192,0,2020-03-22 09:55:00+00:00,wash_hands:192,0,start,1256,case_id
305,wash_hands:192,0,2020-03-22 09:55:00+00:00,wash_hands:192,0,complete,1257,case_id
306,get_water:240,0,2020-03-17 20:52:00+00:00,get_water:240,0,start,259,case_id
307,get_water:240,0,2020-03-17 21:49:00+00:00,get_water:240,0,complete,276,case_id
308,wash_hands:192,0,2020-03-22 13:01:00+00:00,wash_hands:192,0,start,1322,case_id
309,go_computer:86,0,2020-03-22 09:06:00+00:00,go_computer:86,0,start,1225,case_id
310,wash_hands:192,0,2020-03-22 13:01:00+00:00,wash_hands:192,0,complete,1323,case_id
311,go_computer:86,0,2020-03-22 09:07:00+00:00,go_computer:86,0,complete,1226,case_id
312,go_bed:47,0,2020-03-31 22:01:00+00:00,go_bed:47,0,start,3201,case_id
313,go_bed:47,0,2020-03-31 22:06:00+00:00,go_bed:47,0,complete,3206,case_id
314,get_clothes:30,0,2020-03-31 21:40:00+00:00,get_clothes:30,0,start,3191,case_id
315,get_clothes:30,0,2020-03-31 21:40:00+00:00,get_clothes:30,0,complete,3193,case_id
316,change_clothes:112,0,2020-03-16 22:13:00+00:00,change_clothes:112,0,start,132,case_id
317,change_clothes:112,0,2020-03-16 22:14:00+00:00,change_clothes:112,0,complete,133,case_id
318,get_clothes:30,0,2020-03-31 21:45:00+00:00,get_clothes:30,0,start,3196,case_id
319,get_clothes:30,0,2020-03-31 22:01:00+00:00,get_clothes:30,0,complete,3199,case_id
320,go_dining_table:65,0,2020-03-28 03:16:00+00:00,go_dining_table:65,0,start,2183,case_id
321,go_dining_table:65,0,2020-03-28 03:17:00+00:00,go_dining_table:65,0,complete,2187,case_id
322,get_clothes:30,0,2020-04-02 22:09:00+00:00,get_clothes:30,0,start,3404,case_id
323,get_clothes:30,0,2020-04-02 22:10:00+00:00,get_clothes:30,0,complete,3406,case_id
324,change_clothes:112,0,2020-03-16 22:34:00+00:00,change_clothes:112,0,start,158,case_id
325,wash_hands:192,0,2020-03-22 13:56:00+00:00,wash_hands:192,0,start,1336,case_id
326,change_clothes:112,0,2020-03-16 22:35:00+00:00,change_clothes:112,0,complete,159,case_id
327,wash_hands:192,0,2020-03-22 13:58:00+00:00,wash_hands:192,0,complete,1342,case_id
328,go_dining_table:65,0,2020-03-28 04:27:00+00:00,go_dining_table:65,0,start,2193,case_id
329,get_clothes:30,0,2020-04-02 22:14:00+00:00,get_clothes:30,0,start,3409,case_id
331,get_clothes:30,0,2020-04-02 22:30:00+00:00,get_clothes:30,0,complete,3412,case_id
330,go_dining_table:65,0,2020-03-28 04:37:00+00:00,go_dining_table:65,0,complete,2196,case_id
332,wc_do:134,0,2020-03-18 08:04:00+00:00,wc_do:134,0,start,429,case_id
333,wc_do:134,0,2020-03-18 08:05:00+00:00,wc_do:134,0,complete,433,case_id
334,wash_hands:192,0,2020-03-22 17:54:00+00:00,wash_hands:192,0,start,1434,case_id
335,wash_hands:192,0,2020-03-22 17:54:00+00:00,wash_hands:192,0,complete,1435,case_id
336,go_bed:47,0,2020-04-01 07:51:00+00:00,go_bed:47,0,start,3214,case_id
337,go_bed:47,0,2020-04-01 18:58:00+00:00,go_bed:47,0,complete,3252,case_id
338,go_computer:86,0,2020-03-22 10:14:00+00:00,go_computer:86,0,start,1267,case_id
339,go_computer:86,0,2020-03-22 11:48:00+00:00,go_computer:86,0,complete,1276,case_id
340,go_bed:47,0,2020-04-02 01:42:00+00:00,go_bed:47,0,start,3267,case_id
341,go_chair:4,0,2020-03-21 22:35:00+00:00,go_chair:4,0,start,1001,case_id
342,go_bed:47,0,2020-04-02 06:54:00+00:00,go_bed:47,0,complete,3269,case_id
343,go_chair:4,0,2020-03-21 23:22:00+00:00,go_chair:4,0,complete,1007,case_id
344,wc_do:134,0,2020-03-18 21:05:00+00:00,wc_do:134,0,start,506,case_id
345,wc_do:134,0,2020-03-18 21:05:00+00:00,wc_do:134,0,complete,508,case_id
346,change_clothes:112,0,2020-03-16 23:50:00+00:00,change_clothes:112,0,start,172,case_id
347,change_clothes:112,0,2020-03-16 23:51:00+00:00,change_clothes:112,0,complete,173,case_id
348,get_clothes:30,0,2020-04-04 22:57:00+00:00,get_clothes:30,0,start,3854,case_id
349,get_clothes:30,0,2020-04-04 22:58:00+00:00,get_clothes:30,0,complete,3856,case_id
350,change_clothes:112,0,2020-03-16 23:52:00+00:00,change_clothes:112,0,start,177,case_id
351,change_clothes:112,0,2020-03-16 23:55:00+00:00,change_clothes:112,0,complete,178,case_id
352,get_clothes:30,0,2020-04-04 23:01:00+00:00,get_clothes:30,0,start,3859,case_id
353,get_clothes:30,0,2020-04-04 23:21:00+00:00,get_clothes:30,0,complete,3862,case_id
354,go_computer:86,0,2020-03-22 18:40:00+00:00,go_computer:86,0,start,1451,case_id
355,go_computer:86,0,2020-03-22 18:40:00+00:00,go_computer:86,0,complete,1456,case_id
356,wash_hands:192,0,2020-03-22 20:52:00+00:00,wash_hands:192,0,start,1477,case_id
357,wash_hands:192,0,2020-03-22 20:54:00+00:00,wash_hands:192,0,complete,1483,case_id
358,wc_do:134,0,2020-03-18 21:08:00+00:00,wc_do:134,0,start,520,case_id
359,wc_do:134,0,2020-03-18 21:16:00+00:00,wc_do:134,0,complete,528,case_id
360,wash_hands:192,0,2020-03-24 04:00:00+00:00,wash_hands:192,0,start,1583,case_id
361,wash_hands:192,0,2020-03-24 04:00:00+00:00,wash_hands:192,0,complete,1584,case_id
362,go_computer:86,0,2020-03-22 20:19:00+00:00,go_computer:86,0,start,1469,case_id
363,go_computer:86,0,2020-03-22 20:52:00+00:00,go_computer:86,0,complete,1472,case_id
364,go_dining_table:65,0,2020-03-28 14:18:00+00:00,go_dining_table:65,0,start,2365,case_id
365,go_dining_table:65,0,2020-03-28 14:57:00+00:00,go_dining_table:65,0,complete,2371,case_id
366,go_bed:47,0,2020-04-02 22:30:00+00:00,go_bed:47,0,start,3414,case_id
367,go_bed:47,0,2020-04-02 22:35:00+00:00,go_bed:47,0,complete,3419,case_id
368,go_dining_table:65,0,2020-03-28 21:13:00+00:00,go_dining_table:65,0,start,2501,case_id
369,go_dining_table:65,0,2020-03-28 21:49:00+00:00,go_dining_table:65,0,complete,2507,case_id
370,wc_do:134,0,2020-03-18 21:16:00+00:00,wc_do:134,0,start,531,case_id
371,wc_do:134,0,2020-03-18 22:58:00+00:00,wc_do:134,0,complete,574,case_id
372,go_dining_table:65,0,2020-03-29 21:04:00+00:00,go_dining_table:65,0,start,2711,case_id
373,wc_do:134,0,2020-03-19 05:11:00+00:00,wc_do:134,0,start,581,case_id
374,wc_do:134,0,2020-03-19 05:22:00+00:00,wc_do:134,0,complete,585,case_id
375,go_dining_table:65,0,2020-03-29 21:56:00+00:00,go_dining_table:65,0,complete,2717,case_id
376,go_computer:86,0,2020-03-24 04:04:00+00:00,go_computer:86,0,start,1590,case_id
377,go_computer:86,0,2020-03-24 05:27:00+00:00,go_computer:86,0,complete,1599,case_id
378,wash_hands:192,0,2020-03-24 05:28:00+00:00,wash_hands:192,0,start,1605,case_id
379,wash_hands:192,0,2020-03-24 05:29:00+00:00,wash_hands:192,0,complete,1610,case_id
379,get_water:240,0,2020-03-18 02:27:00+00:00,get_water:240,0,start,308,case_id
381,wc_do:134,0,2020-03-19 23:54:00+00:00,wc_do:134,0,start,628,case_id
382,wc_do:134,0,2020-03-20 00:00:00+00:00,wc_do:134,0,complete,631,case_id
383,get_water:240,0,2020-03-18 02:29:00+00:00,get_water:240,0,complete,322,case_id
384,wc_do:134,0,2020-03-20 08:03:00+00:00,wc_do:134,0,start,635,case_id
385,wc_do:134,0,2020-03-20 08:07:00+00:00,wc_do:134,0,complete,638,case_id
386,go_chair:4,0,2020-03-21 23:24:00+00:00,go_chair:4,0,start,1019,case_id
387,go_chair:4,0,2020-03-22 00:47:00+00:00,go_chair:4,0,complete,1031,case_id
388,wc_do:134,0,2020-03-20 19:57:00+00:00,wc_do:134,0,start,687,case_id
389,wc_do:134,0,2020-03-20 19:57:00+00:00,wc_do:134,0,complete,690,case_id
390,go_bed:47,0,2020-04-03 05:19:00+00:00,go_bed:47,0,start,3427,case_id
391,go_bed:47,0,2020-04-03 18:54:00+00:00,go_bed:47,0,complete,3465,case_id
392,go_chair:4,0,2020-03-22 00:49:00+00:00,go_chair:4,0,start,1043,case_id
393,wc_do:134,0,2020-03-20 22:34:00+00:00,wc_do:134,0,start,745,case_id
394,go_chair:4,0,2020-03-22 01:35:00+00:00,go_chair:4,0,complete,1049,case_id
395,wc_do:134,0,2020-03-20 22:37:00+00:00,wc_do:134,0,complete,751,case_id
396,go_computer:86,0,2020-03-24 18:52:00+00:00,go_computer:86,0,start,1692,case_id
397,go_computer:86,0,2020-03-24 20:16:00+00:00,go_computer:86,0,complete,1700,case_id
398,go_bed:47,0,2020-04-03 23:15:00+00:00,go_bed:47,0,start,3472,case_id
399,go_bed:47,0,2020-04-04 07:32:00+00:00,go_bed:47,0,complete,3540,case_id
400,go_dining_table:65,0,2020-03-30 20:58:00+00:00,go_dining_table:65,0,start,2853,case_id
401,go_dining_table:65,0,2020-03-30 20:58:00+00:00,go_dining_table:65,0,complete,2857,case_id
402,go_chair:4,0,2020-03-22 02:17:00+00:00,go_chair:4,0,start,1094,case_id
403,go_chair:4,0,2020-03-22 02:54:00+00:00,go_chair:4,0,complete,1100,case_id
404,wc_do:134,0,2020-03-20 22:40:00+00:00,wc_do:134,0,start,766,case_id
405,wc_do:134,0,2020-03-20 22:41:00+00:00,wc_do:134,0,complete,773,case_id
406,wash_hands:192,0,2020-03-24 20:16:00+00:00,wash_hands:192,0,start,1705,case_id
407,wash_hands:192,0,2020-03-24 20:18:00+00:00,wash_hands:192,0,complete,1711,case_id
408,go_bed:47,0,2020-04-04 23:21:00+00:00,go_bed:47,0,start,3864,case_id
409,go_bed:47,0,2020-04-04 23:26:00+00:00,go_bed:47,0,complete,3868,case_id
410,go_chair:4,0,2020-03-22 05:01:00+00:00,go_chair:4,0,start,1126,case_id
411,go_chair:4,0,2020-03-22 05:18:00+00:00,go_chair:4,0,complete,1129,case_id
412,go_bed:47,0,2020-04-05 13:13:00+00:00,go_bed:47,0,start,3897,case_id
413,go_bed:47,0,2020-04-05 15:03:00+00:00,go_bed:47,0,complete,3899,case_id
414,wash_hands:192,0,2020-03-24 21:44:00+00:00,wash_hands:192,0,start,1751,case_id
415,wash_hands:192,0,2020-03-24 21:44:00+00:00,wash_hands:192,0,complete,1752,case_id
416,go_dining_table:65,0,2020-03-30 21:51:00+00:00,go_dining_table:65,0,start,2870,case_id
417,go_dining_table:65,0,2020-03-31 00:20:00+00:00,go_dining_table:65,0,complete,2892,case_id
418,go_computer:86,0,2020-03-26 01:26:00+00:00,go_computer:86,0,start,1852,case_id
419,go_computer:86,0,2020-03-26 03:02:00+00:00,go_computer:86,0,complete,1861,case_id
420,wash_hands:192,0,2020-03-25 04:41:00+00:00,wash_hands:192,0,start,1801,case_id
421,wc_do:134,0,2020-03-20 22:41:00+00:00,wc_do:134,0,start,776,case_id
422,wc_do:134,0,2020-03-20 22:42:00+00:00,wc_do:134,0,complete,783,case_id
423,wash_hands:192,0,2020-03-25 04:41:00+00:00,wash_hands:192,0,complete,1802,case_id
424,wash_hands:192,0,2020-03-26 01:26:00+00:00,wash_hands:192,0,start,1850,case_id
425,wash_hands:192,0,2020-03-26 01:26:00+00:00,wash_hands:192,0,complete,1851,case_id
426,get_water:240,0,2020-03-18 03:56:00+00:00,get_water:240,0,start,348,case_id
427,get_water:240,0,2020-03-18 03:58:00+00:00,get_water:240,0,complete,359,case_id
428,go_dining_table:65,0,2020-03-31 05:35:00+00:00,go_dining_table:65,0,start,3030,case_id
429,go_dining_table:65,0,2020-03-31 06:11:00+00:00,go_dining_table:65,0,complete,3036,case_id
430,wc_do:134,0,2020-03-20 22:42:00+00:00,wc_do:134,0,start,786,case_id
431,wc_do:134,0,2020-03-20 22:42:00+00:00,wc_do:134,0,complete,792,case_id
432,wash_hands:192,0,2020-03-26 03:02:00+00:00,wash_hands:192,0,start,1866,case_id
433,wash_hands:192,0,2020-03-26 03:04:00+00:00,wash_hands:192,0,complete,1872,case_id
434,go_computer:86,0,2020-03-26 18:46:00+00:00,go_computer:86,0,start,1995,case_id
435,go_computer:86,0,2020-03-26 20:32:00+00:00,go_computer:86,0,complete,2003,case_id
436,go_dining_table:65,0,2020-03-31 20:12:00+00:00,go_dining_table:65,0,start,3156,case_id
437,go_dining_table:65,0,2020-03-31 20:13:00+00:00,go_dining_table:65,0,complete,3160,case_id
438,wc_do:134,0,2020-03-20 22:42:00+00:00,wc_do:134,0,start,795,case_id
439,wc_do:134,0,2020-03-20 22:43:00+00:00,wc_do:134,0,complete,801,case_id
440,wash_hands:192,0,2020-03-26 20:35:00+00:00,wash_hands:192,0,start,2012,case_id
441,wash_hands:192,0,2020-03-26 20:37:00+00:00,wash_hands:192,0,complete,2018,case_id
442,wc_do:134,0,2020-03-20 22:43:00+00:00,wc_do:134,0,start,804,case_id
443,wc_do:134,0,2020-03-20 22:43:00+00:00,wc_do:134,0,complete,811,case_id
444,get_water:240,0,2020-03-18 05:18:00+00:00,get_water:240,0,start,374,case_id
445,get_water:240,0,2020-03-18 05:21:00+00:00,get_water:240,0,complete,385,case_id
446,wc_do:134,0,2020-03-20 22:43:00+00:00,wc_do:134,0,start,814,case_id
447,wc_do:134,0,2020-03-20 22:44:00+00:00,wc_do:134,0,complete,821,case_id
448,wc_do:134,0,2020-03-20 22:44:00+00:00,wc_do:134,0,start,824,case_id
449,go_dining_table:65,0,2020-03-31 21:12:00+00:00,go_dining_table:65,0,start,3173,case_id
450,wc_do:134,0,2020-03-20 22:45:00+00:00,wc_do:134,0,complete,830,case_id
451,go_dining_table:65,0,2020-03-31 21:31:00+00:00,go_dining_table:65,0,complete,3175,case_id
452,go_chair:4,0,2020-03-22 05:20:00+00:00,go_chair:4,0,start,1141,case_id
453,go_chair:4,0,2020-03-22 06:22:00+00:00,go_chair:4,0,complete,1150,case_id
454,go_dining_table:65,0,2020-04-02 19:31:00+00:00,go_dining_table:65,0,start,3332,case_id
455,go_dining_table:65,0,2020-04-02 19:32:00+00:00,go_dining_table:65,0,complete,3336,case_id
456,go_chair:4,0,2020-03-22 06:27:00+00:00,go_chair:4,0,start,1162,case_id
457,go_chair:4,0,2020-03-22 06:48:00+00:00,go_chair:4,0,complete,1165,case_id
458,go_dining_table:65,0,2020-04-02 20:23:00+00:00,go_dining_table:65,0,start,3344,case_id
459,go_dining_table:65,0,2020-04-02 21:16:00+00:00,go_dining_table:65,0,complete,3356,case_id
460,go_dining_table:65,0,2020-04-02 21:51:00+00:00,go_dining_table:65,0,start,3368,case_id
461,get_water:240,0,2020-03-18 07:21:00+00:00,get_water:240,0,start,413,case_id
462,wc_do:134,0,2020-03-20 23:12:00+00:00,wc_do:134,0,start,843,case_id
463,go_dining_table:65,0,2020-04-02 21:59:00+00:00,go_dining_table:65,0,complete,3370,case_id
464,get_water:240,0,2020-03-18 07:23:00+00:00,get_water:240,0,complete,423,case_id
465,wc_do:134,0,2020-03-21 03:32:00+00:00,wc_do:134,0,complete,857,case_id
466,go_dining_table:65,0,2020-04-04 04:55:00+00:00,go_dining_table:65,0,start,3505,case_id
467,go_dining_table:65,0,2020-04-04 04:55:00+00:00,go_dining_table:65,0,complete,3509,case_id
468,go_dining_table:65,0,2020-04-04 06:09:00+00:00,go_dining_table:65,0,start,3515,case_id
469,go_dining_table:65,0,2020-04-04 06:18:00+00:00,go_dining_table:65,0,complete,3517,case_id
470,wash_hands:192,0,2020-03-26 22:09:00+00:00,wash_hands:192,0,start,2062,case_id
471,wash_hands:192,0,2020-03-26 22:09:00+00:00,wash_hands:192,0,complete,2063,case_id
472,wash_hands:192,0,2020-03-27 05:01:00+00:00,wash_hands:192,0,start,2108,case_id
473,wash_hands:192,0,2020-03-27 05:01:00+00:00,wash_hands:192,0,complete,2109,case_id
474,go_dining_table:65,0,2020-04-04 14:52:00+00:00,go_dining_table:65,0,start,3675,case_id
474,wash_hands:192,0,2020-03-28 01:38:00+00:00,wash_hands:192,0,start,2159,case_id
476,go_dining_table:65,0,2020-04-04 15:28:00+00:00,go_dining_table:65,0,complete,3681,case_id
477,wash_hands:192,0,2020-03-28 01:38:00+00:00,wash_hands:192,0,complete,2160,case_id
478,change_clothes:112,0,2020-03-17 08:17:00+00:00,change_clothes:112,0,start,204,case_id
479,change_clothes:112,0,2020-03-17 18:39:00+00:00,change_clothes:112,0,complete,227,case_id
480,go_dining_table:65,0,2020-04-04 21:41:00+00:00,go_dining_table:65,0,start,3823,case_id
481,go_dining_table:65,0,2020-04-04 22:17:00+00:00,go_dining_table:65,0,complete,3829,case_id
482,wash_hands:192,0,2020-03-28 03:14:00+00:00,wash_hands:192,0,start,2175,case_id
483,wash_hands:192,0,2020-03-28 03:16:00+00:00,wash_hands:192,0,complete,2181,case_id
484,wc_do:134,0,2020-03-21 16:48:00+00:00,wc_do:134,0,start,867,case_id
485,wc_do:134,0,2020-03-21 16:53:00+00:00,wc_do:134,0,complete,874,case_id
486,change_clothes:112,0,2020-03-18 02:16:00+00:00,change_clothes:112,0,start,300,case_id
487,change_clothes:112,0,2020-03-18 02:21:00+00:00,change_clothes:112,0,complete,304,case_id
488,wash_hands:192,0,2020-03-28 07:09:00+00:00,wash_hands:192,0,start,2233,case_id
489,wash_hands:192,0,2020-03-28 07:09:00+00:00,wash_hands:192,0,complete,2234,case_id
490,wc_do:134,0,2020-03-21 19:28:00+00:00,wc_do:134,0,start,931,case_id
491,wc_do:134,0,2020-03-21 21:53:00+00:00,wc_do:134,0,complete,974,case_id
492,go_dining_table:65,0,2020-04-05 19:30:00+00:00,go_dining_table:65,0,start,3978,case_id
493,go_dining_table:65,0,2020-04-05 20:09:00+00:00,go_dining_table:65,0,complete,3984,case_id
494,wash_hands:192,0,2020-03-28 14:17:00+00:00,wash_hands:192,0,start,2354,case_id
495,wash_hands:192,0,2020-03-28 14:17:00+00:00,wash_hands:192,0,complete,2355,case_id
496,get_water:240,0,2020-03-18 08:06:00+00:00,get_water:240,0,start,440,case_id
497,get_water:240,0,2020-03-18 18:44:00+00:00,get_water:240,0,complete,481,case_id
498,wash_hands:192,0,2020-03-28 14:17:00+00:00,wash_hands:192,0,start,2357,case_id
499,wash_hands:192,0,2020-03-28 14:18:00+00:00,wash_hands:192,0,complete,2363,case_id
500,get_water:240,0,2020-03-18 19:19:00+00:00,get_water:240,0,start,486,case_id
501,wash_hands:192,0,2020-03-28 18:45:00+00:00,wash_hands:192,0,start,2452,case_id
502,get_water:240,0,2020-03-18 19:20:00+00:00,get_water:240,0,complete,491,case_id
503,wash_hands:192,0,2020-03-28 18:45:00+00:00,wash_hands:192,0,complete,2453,case_id
504,go_chair:4,0,2020-03-22 06:51:00+00:00,go_chair:4,0,start,1178,case_id
505,go_chair:4,0,2020-03-22 07:48:00+00:00,go_chair:4,0,complete,1187,case_id
506,wash_hands:192,0,2020-03-28 21:11:00+00:00,wash_hands:192,0,start,2493,case_id
507,wash_hands:192,0,2020-03-28 21:12:00+00:00,wash_hands:192,0,complete,2498,case_id
508,wc_do:134,0,2020-03-21 22:30:00+00:00,wc_do:134,0,start,990,case_id
509,wc_do:134,0,2020-03-21 22:35:00+00:00,wc_do:134,0,complete,998,case_id
510,wash_hands:192,0,2020-03-28 22:35:00+00:00,wash_hands:192,0,start,2543,case_id
511,wash_hands:192,0,2020-03-28 22:35:00+00:00,wash_hands:192,0,complete,2544,case_id
512,wash_hands:192,0,2020-03-29 15:30:00+00:00,wash_hands:192,0,start,2612,case_id
513,wash_hands:192,0,2020-03-29 15:30:00+00:00,wash_hands:192,0,complete,2613,case_id
514,wc_do:134,0,2020-03-22 01:35:00+00:00,wc_do:134,0,start,1050,case_id
515,wc_do:134,0,2020-03-22 01:36:00+00:00,wc_do:134,0,complete,1051,case_id
516,go_computer:86,0,2020-03-28 01:38:00+00:00,go_computer:86,0,start,2161,case_id
517,go_chair:4,0,2020-03-22 08:23:00+00:00,go_chair:4,0,start,1218,case_id
518,go_chair:4,0,2020-03-22 09:06:00+00:00,go_chair:4,0,complete,1224,case_id
519,go_computer:86,0,2020-03-28 03:14:00+00:00,go_computer:86,0,complete,2170,case_id
520,wash_hands:192,0,2020-03-29 21:02:00+00:00,wash_hands:192,0,start,2703,case_id
521,wash_hands:192,0,2020-03-29 21:03:00+00:00,wash_hands:192,0,complete,2708,case_id
522,wash_hands:192,0,2020-03-29 22:04:00+00:00,wash_hands:192,0,start,2743,case_id
523,wash_hands:192,0,2020-03-29 22:04:00+00:00,wash_hands:192,0,complete,2744,case_id
524,go_computer:86,0,2020-03-28 11:56:00+00:00,go_computer:86,0,start,2313,case_id
525,go_computer:86,0,2020-03-28 11:56:00+00:00,go_computer:86,0,complete,2318,case_id
526,go_computer:86,0,2020-03-28 12:52:00+00:00,go_computer:86,0,start,2331,case_id
527,wash_hands:192,0,2020-03-30 20:56:00+00:00,wash_hands:192,0,start,2845,case_id
528,go_computer:86,0,2020-03-28 12:53:00+00:00,go_computer:86,0,complete,2332,case_id
529,wash_hands:192,0,2020-03-30 20:57:00+00:00,wash_hands:192,0,complete,2850,case_id
530,wash_hands:192,0,2020-03-30 22:30:00+00:00,wash_hands:192,0,start,2880,case_id
531,wash_hands:192,0,2020-03-30 22:30:00+00:00,wash_hands:192,0,complete,2881,case_id
532,wash_hands:192,0,2020-03-31 00:42:00+00:00,wash_hands:192,0,start,2922,case_id
533,wash_hands:192,0,2020-03-31 00:42:00+00:00,wash_hands:192,0,complete,2923,case_id
534,go_computer:86,0,2020-03-28 13:09:00+00:00,go_computer:86,0,start,2338,case_id
535,go_computer:86,0,2020-03-28 14:11:00+00:00,go_computer:86,0,complete,2341,case_id
536,wash_hands:192,0,2020-03-31 02:50:00+00:00,wash_hands:192,0,start,2964,case_id
537,wash_hands:192,0,2020-03-31 02:50:00+00:00,wash_hands:192,0,complete,2965,case_id
538,wash_hands:192,0,2020-03-31 05:34:00+00:00,wash_hands:192,0,start,3020,case_id
539,wash_hands:192,0,2020-03-31 05:34:00+00:00,wash_hands:192,0,complete,3021,case_id
540,go_chair:4,0,2020-03-22 09:07:00+00:00,go_chair:4,0,start,1229,case_id
541,go_chair:4,0,2020-03-22 09:49:00+00:00,go_chair:4,0,complete,1235,case_id
542,get_water:240,0,2020-03-18 21:05:00+00:00,get_water:240,0,start,509,case_id
543,get_water:240,0,2020-03-18 21:08:00+00:00,get_water:240,0,complete,519,case_id
544,wash_hands:192,0,2020-03-31 05:34:00+00:00,wash_hands:192,0,start,3023,case_id
545,wash_hands:192,0,2020-03-31 05:35:00+00:00,wash_hands:192,0,complete,3028,case_id
546,wash_hands:192,0,2020-03-31 07:38:00+00:00,wash_hands:192,0,start,3085,case_id
547,wash_hands:192,0,2020-03-31 07:38:00+00:00,wash_hands:192,0,complete,3086,case_id
548,go_computer:86,0,2020-03-28 20:03:00+00:00,go_computer:86,0,start,2479,case_id
549,go_computer:86,0,2020-03-28 21:10:00+00:00,go_computer:86,0,complete,2487,case_id
550,wash_hands:192,0,2020-03-31 20:11:00+00:00,wash_hands:192,0,start,3149,case_id
551,wash_hands:192,0,2020-03-31 20:12:00+00:00,wash_hands:192,0,complete,3154,case_id
552,go_computer:86,0,2020-03-29 18:57:00+00:00,go_computer:86,0,start,2676,case_id
553,go_computer:86,0,2020-03-29 18:57:00+00:00,go_computer:86,0,complete,2681,case_id
554,wash_hands:192,0,2020-03-31 21:39:00+00:00,wash_hands:192,0,start,3187,case_id
555,wash_hands:192,0,2020-03-31 21:39:00+00:00,wash_hands:192,0,complete,3188,case_id
556,go_computer:86,0,2020-03-29 20:38:00+00:00,go_computer:86,0,start,2694,case_id
557,go_computer:86,0,2020-03-29 21:01:00+00:00,go_computer:86,0,complete,2697,case_id
558,wc_do:134,0,2020-03-22 02:12:00+00:00,wc_do:134,0,start,1080,case_id
559,wc_do:134,0,2020-03-22 02:16:00+00:00,wc_do:134,0,complete,1087,case_id
560,wash_hands:192,0,2020-04-02 01:41:00+00:00,wash_hands:192,0,start,3261,case_id
561,wash_hands:192,0,2020-04-02 01:41:00+00:00,wash_hands:192,0,complete,3262,case_id
562,go_chair:4,0,2020-03-22 09:55:00+00:00,go_chair:4,0,start,1258,case_id
563,go_chair:4,0,2020-03-22 10:12:00+00:00,go_chair:4,0,complete,1262,case_id
564,wash_hands:192,0,2020-04-02 19:29:00+00:00,wash_hands:192,0,start,3324,case_id
565,wash_hands:192,0,2020-04-02 19:31:00+00:00,wash_hands:192,0,complete,3330,case_id
566,go_computer:86,0,2020-03-30 18:46:00+00:00,go_computer:86,0,start,2831,case_id
567,go_computer:86,0,2020-03-30 20:55:00+00:00,go_computer:86,0,complete,2839,case_id
568,wash_hands:192,0,2020-04-02 22:06:00+00:00,wash_hands:192,0,start,3383,case_id
569,wash_hands:192,0,2020-04-02 22:06:00+00:00,wash_hands:192,0,complete,3384,case_id
570,wash_hands:192,0,2020-04-04 02:52:00+00:00,wash_hands:192,0,start,3481,case_id
571,wash_hands:192,0,2020-04-04 02:52:00+00:00,wash_hands:192,0,complete,3482,case_id
572,go_computer:86,0,2020-03-31 03:37:00+00:00,go_computer:86,0,start,2986,case_id
573,go_computer:86,0,2020-03-31 03:37:00+00:00,go_computer:86,0,complete,2991,case_id
574,go_chair:4,0,2020-03-22 11:51:00+00:00,go_chair:4,0,start,1292,case_id
575,go_chair:4,0,2020-03-22 12:56:00+00:00,go_chair:4,0,complete,1301,case_id
576,go_computer:86,0,2020-03-31 05:24:00+00:00,go_computer:86,0,start,3004,case_id
577,go_computer:86,0,2020-03-31 05:29:00+00:00,go_computer:86,0,complete,3008,case_id
578,wc_do:134,0,2020-03-22 05:00:00+00:00,wc_do:134,0,start,1124,case_id
579,wc_do:134,0,2020-03-22 06:27:00+00:00,wc_do:134,0,complete,1159,case_id
580,wash_hands:192,0,2020-04-04 04:53:00+00:00,wash_hands:192,0,start,3498,case_id
581,wash_hands:192,0,2020-04-04 04:55:00+00:00,wash_hands:192,0,complete,3503,case_id
582,wc_do:134,0,2020-03-22 07:48:00+00:00,wc_do:134,0,start,1188,case_id
583,wc_do:134,0,2020-03-22 09:07:00+00:00,wc_do:134,0,complete,1228,case_id
584,wash_hands:192,0,2020-04-04 11:48:00+00:00,wash_hands:192,0,start,3623,case_id
585,wash_hands:192,0,2020-04-04 11:48:00+00:00,wash_hands:192,0,complete,3624,case_id
586,go_computer:86,0,2020-03-31 18:42:00+00:00,go_computer:86,0,start,3130,case_id
587,go_computer:86,0,2020-03-31 20:08:00+00:00,go_computer:86,0,complete,3139,case_id
588,get_water:240,0,2020-03-18 21:18:00+00:00,get_water:240,0,start,539,case_id
589,get_water:240,0,2020-03-18 22:27:00+00:00,get_water:240,0,complete,561,case_id
590,wash_hands:192,0,2020-04-04 14:50:00+00:00,wash_hands:192,0,start,3667,case_id
591,wash_hands:192,0,2020-04-04 14:52:00+00:00,wash_hands:192,0,complete,3673,case_id
592,wash_hands:192,0,2020-04-04 16:31:00+00:00,wash_hands:192,0,start,3717,case_id
593,wash_hands:192,0,2020-04-04 16:31:00+00:00,wash_hands:192,0,complete,3718,case_id
594,wash_hands:192,0,2020-04-04 20:04:00+00:00,wash_hands:192,0,start,3784,case_id
595,wash_hands:192,0,2020-04-04 20:04:00+00:00,wash_hands:192,0,complete,3785,case_id
596,wc_do:134,0,2020-03-22 09:51:00+00:00,wc_do:134,0,start,1247,case_id
597,wc_do:134,0,2020-03-22 09:55:00+00:00,wc_do:134,0,complete,1255,case_id
598,wc_do:134,0,2020-03-22 11:48:00+00:00,wc_do:134,0,start,1277,case_id
599,wc_do:134,0,2020-03-22 11:48:00+00:00,wc_do:134,0,complete,1279,case_id
600,go_computer:86,0,2020-04-02 06:58:00+00:00,go_computer:86,0,start,3274,case_id
601,go_computer:86,0,2020-04-02 06:59:00+00:00,go_computer:86,0,complete,3280,case_id
602,go_computer:86,0,2020-04-02 18:55:00+00:00,go_computer:86,0,start,3316,case_id
603,wash_hands:192,0,2020-04-04 21:39:00+00:00,wash_hands:192,0,start,3815,case_id
604,go_computer:86,0,2020-04-02 19:29:00+00:00,go_computer:86,0,complete,3319,case_id
605,wash_hands:192,0,2020-04-04 21:41:00+00:00,wash_hands:192,0,complete,3821,case_id
606,go_chair:4,0,2020-03-22 13:01:00+00:00,go_chair:4,0,start,1324,case_id
607,go_chair:4,0,2020-03-22 13:56:00+00:00,go_chair:4,0,complete,1334,case_id
608,get_water:240,0,2020-03-19 18:45:00+00:00,get_water:240,0,start,613,case_id
609,get_water:240,0,2020-03-19 18:57:00+00:00,get_water:240,0,complete,624,case_id
610,wash_hands:192,0,2020-04-05 13:10:00+00:00,wash_hands:192,0,start,3883,case_id
611,wash_hands:192,0,2020-04-05 13:10:00+00:00,wash_hands:192,0,complete,3884,case_id
612,change_clothes:112,0,2020-03-18 08:22:00+00:00,change_clothes:112,0,start,447,case_id
613,change_clothes:112,0,2020-03-18 18:43:00+00:00,change_clothes:112,0,complete,471,case_id
614,go_chair:4,0,2020-03-22 14:34:00+00:00,go_chair:4,0,start,1366,case_id
615,go_chair:4,0,2020-03-22 14:51:00+00:00,go_chair:4,0,complete,1371,case_id
616,change_clothes:112,0,2020-03-18 22:27:00+00:00,change_clothes:112,0,start,562,case_id
617,change_clothes:112,0,2020-03-18 22:28:00+00:00,change_clothes:112,0,complete,563,case_id
618,wc_do:134,0,2020-03-22 12:57:00+00:00,wc_do:134,0,start,1313,case_id
619,wc_do:134,0,2020-03-22 13:01:00+00:00,wc_do:134,0,complete,1321,case_id
620,change_clothes:112,0,2020-03-18 22:29:00+00:00,change_clothes:112,0,start,567,case_id
621,change_clothes:112,0,2020-03-18 22:32:00+00:00,change_clothes:112,0,complete,568,case_id
622,go_computer:86,0,2020-04-04 02:52:00+00:00,go_computer:86,0,start,3483,case_id
623,go_computer:86,0,2020-04-04 04:52:00+00:00,go_computer:86,0,complete,3492,case_id
624,wash_hands:192,0,2020-04-05 19:29:00+00:00,wash_hands:192,0,start,3971,case_id
625,wash_hands:192,0,2020-04-05 19:30:00+00:00,wash_hands:192,0,complete,3976,case_id
626,wash_hands:192,0,2020-04-05 22:11:00+00:00,wash_hands:192,0,start,4034,case_id
627,wash_hands:192,0,2020-04-05 22:11:00+00:00,wash_hands:192,0,complete,4035,case_id
628,get_water:240,0,2020-03-20 18:39:00+00:00,get_water:240,0,start,672,case_id
629,get_water:240,0,2020-03-20 18:40:00+00:00,get_water:240,0,complete,681,case_id
630,go_computer:86,0,2020-04-04 12:33:00+00:00,go_computer:86,0,start,3632,case_id
631,go_computer:86,0,2020-04-04 12:34:00+00:00,go_computer:86,0,complete,3638,case_id
632,go_chair:4,0,2020-03-22 15:12:00+00:00,go_chair:4,0,start,1376,case_id
633,go_chair:4,0,2020-03-22 15:57:00+00:00,go_chair:4,0,complete,1384,case_id
634,get_water:240,0,2020-03-20 19:58:00+00:00,get_water:240,0,start,698,case_id
635,get_water:240,0,2020-03-20 20:50:00+00:00,get_water:240,0,complete,710,case_id
636,go_computer:86,0,2020-04-04 13:19:00+00:00,go_computer:86,0,start,3644,case_id
637,go_computer:86,0,2020-04-04 13:20:00+00:00,go_computer:86,0,complete,3645,case_id
638,go_computer:86,0,2020-04-04 13:36:00+00:00,go_computer:86,0,start,3658,case_id
639,go_computer:86,0,2020-04-04 14:50:00+00:00,go_computer:86,0,complete,3662,case_id
640,wc_do:134,0,2020-03-22 13:56:00+00:00,wc_do:134,0,start,1335,case_id
641,wc_do:134,0,2020-03-22 17:54:00+00:00,wc_do:134,0,complete,1433,case_id
642,wc_do:134,0,2020-03-22 20:52:00+00:00,wc_do:134,0,start,1473,case_id
643,wc_do:134,0,2020-03-22 20:52:00+00:00,wc_do:134,0,complete,1476,case_id
644,wc_do:134,0,2020-03-22 22:11:00+00:00,wc_do:134,0,start,1522,case_id
645,wc_do:134,0,2020-03-23 23:42:00+00:00,wc_do:134,0,complete,1572,case_id
646,wc_do:134,0,2020-03-24 03:55:00+00:00,wc_do:134,0,start,1576,case_id
647,wc_do:134,0,2020-03-24 04:00:00+00:00,wc_do:134,0,complete,1582,case_id
648,wc_do:134,0,2020-03-24 05:27:00+00:00,wc_do:134,0,start,1600,case_id
649,wc_do:134,0,2020-03-24 05:28:00+00:00,wc_do:134,0,complete,1604,case_id
650,wc_do:134,0,2020-03-24 20:16:00+00:00,wc_do:134,0,start,1701,case_id
651,wc_do:134,0,2020-03-24 20:16:00+00:00,wc_do:134,0,complete,1704,case_id
652,get_water:240,0,2020-03-20 21:33:00+00:00,get_water:240,0,start,713,case_id
653,get_water:240,0,2020-03-20 21:37:00+00:00,get_water:240,0,complete,723,case_id
654,get_water:240,0,2020-03-20 22:30:00+00:00,get_water:240,0,start,736,case_id
655,get_water:240,0,2020-03-20 22:30:00+00:00,get_water:240,0,complete,739,case_id
656,go_computer:86,0,2020-04-04 20:31:00+00:00,go_computer:86,0,start,3801,case_id
657,go_computer:86,0,2020-04-04 21:39:00+00:00,go_computer:86,0,complete,3810,case_id
658,wc_do:134,0,2020-03-24 21:40:00+00:00,wc_do:134,0,start,1742,case_id
659,wc_do:134,0,2020-03-24 21:44:00+00:00,wc_do:134,0,complete,1750,case_id
660,go_chair:4,0,2020-03-22 15:59:00+00:00,go_chair:4,0,start,1397,case_id
661,go_chair:4,0,2020-03-22 17:46:00+00:00,go_chair:4,0,complete,1412,case_id
662,go_computer:86,0,2020-04-05 20:13:00+00:00,go_computer:86,0,start,3999,case_id
663,go_computer:86,0,2020-04-05 22:03:00+00:00,go_computer:86,0,complete,4007,case_id
664,go_chair:4,0,2020-03-22 17:54:00+00:00,go_chair:4,0,start,1436,case_id
665,go_chair:4,0,2020-03-22 18:17:00+00:00,go_chair:4,0,complete,1439,case_id
666,get_water:240,0,2020-03-20 22:37:00+00:00,get_water:240,0,start,754,case_id
667,get_water:240,0,2020-03-20 22:40:00+00:00,get_water:240,0,complete,765,case_id
668,wc_do:134,0,2020-03-24 23:10:00+00:00,wc_do:134,0,start,1786,case_id
669,wc_do:134,0,2020-03-25 04:41:00+00:00,wc_do:134,0,complete,1800,case_id
670,go_chair:4,0,2020-03-22 18:18:00+00:00,go_chair:4,0,start,1447,case_id
671,go_chair:4,0,2020-03-22 18:40:00+00:00,go_chair:4,0,complete,1450,case_id
672,change_clothes:112,0,2020-03-19 08:26:00+00:00,change_clothes:112,0,start,589,case_id
673,change_clothes:112,0,2020-03-19 18:45:00+00:00,change_clothes:112,0,complete,612,case_id
674,go_chair:4,0,2020-03-22 21:30:00+00:00,go_chair:4,0,start,1508,case_id
675,go_chair:4,0,2020-03-22 21:52:00+00:00,go_chair:4,0,complete,1511,case_id
676,wc_do:134,0,2020-03-26 01:17:00+00:00,wc_do:134,0,start,1842,case_id
677,wc_do:134,0,2020-03-26 01:26:00+00:00,wc_do:134,0,complete,1849,case_id
678,wc_do:134,0,2020-03-26 03:02:00+00:00,wc_do:134,0,start,1862,case_id
679,wc_do:134,0,2020-03-26 03:02:00+00:00,wc_do:134,0,complete,1865,case_id
680,get_water:240,0,2020-03-21 17:14:00+00:00,get_water:240,0,start,888,case_id
681,get_water:240,0,2020-03-21 17:16:00+00:00,get_water:240,0,complete,898,case_id
682,wc_do:134,0,2020-03-26 20:32:00+00:00,wc_do:134,0,start,2004,case_id
683,wc_do:134,0,2020-03-26 20:32:00+00:00,wc_do:134,0,complete,2006,case_id
684,go_chair:4,0,2020-03-24 07:19:00+00:00,go_chair:4,0,start,1643,case_id
685,go_chair:4,0,2020-03-24 08:01:00+00:00,go_chair:4,0,complete,1652,case_id
686,wc_do:134,0,2020-03-26 20:35:00+00:00,wc_do:134,0,start,2011,case_id
687,wc_do:134,0,2020-03-26 22:01:00+00:00,wc_do:134,0,complete,2043,case_id
688,get_water:240,0,2020-03-21 19:07:00+00:00,get_water:240,0,start,915,case_id
689,get_water:240,0,2020-03-21 19:09:00+00:00,get_water:240,0,complete,925,case_id
690,go_chair:4,0,2020-03-24 21:30:00+00:00,go_chair:4,0,start,1736,case_id
691,go_chair:4,0,2020-03-24 21:40:00+00:00,go_chair:4,0,complete,1738,case_id
692,get_water:240,0,2020-03-21 19:29:00+00:00,get_water:240,0,start,938,case_id
693,get_water:240,0,2020-03-21 19:30:00+00:00,get_water:240,0,complete,939,case_id
694,get_water:240,0,2020-03-21 20:09:00+00:00,get_water:240,0,start,947,case_id
695,get_water:240,0,2020-03-21 20:11:00+00:00,get_water:240,0,complete,961,case_id
696,wc_do:134,0,2020-03-26 22:08:00+00:00,wc_do:134,0,start,2055,case_id
697,wc_do:134,0,2020-03-26 22:09:00+00:00,wc_do:134,0,complete,2061,case_id
698,go_chair:4,0,2020-03-24 21:44:00+00:00,go_chair:4,0,start,1753,case_id
699,go_chair:4,0,2020-03-24 22:24:00+00:00,go_chair:4,0,complete,1760,case_id
700,go_chair:4,0,2020-03-24 22:26:00+00:00,go_chair:4,0,start,1772,case_id
701,go_chair:4,0,2020-03-24 22:43:00+00:00,go_chair:4,0,complete,1775,case_id
702,get_water:240,0,2020-03-21 21:53:00+00:00,get_water:240,0,start,975,case_id
703,get_water:240,0,2020-03-21 21:56:00+00:00,get_water:240,0,complete,985,case_id
704,wc_do:134,0,2020-03-26 23:29:00+00:00,wc_do:134,0,start,2093,case_id
705,wc_do:134,0,2020-03-27 05:01:00+00:00,wc_do:134,0,complete,2107,case_id
706,go_chair:4,0,2020-03-26 07:15:00+00:00,go_chair:4,0,start,1950,case_id
707,go_chair:4,0,2020-03-26 08:00:00+00:00,go_chair:4,0,complete,1958,case_id
708,go_chair:4,0,2020-03-26 22:05:00+00:00,go_chair:4,0,start,2052,case_id
709,go_chair:4,0,2020-03-26 22:08:00+00:00,go_chair:4,0,complete,2054,case_id
710,wc_do:134,0,2020-03-28 01:29:00+00:00,wc_do:134,0,start,2151,case_id
711,wc_do:134,0,2020-03-28 01:38:00+00:00,wc_do:134,0,complete,2158,case_id
712,wc_do:134,0,2020-03-28 03:14:00+00:00,wc_do:134,0,start,2171,case_id
713,wc_do:134,0,2020-03-28 03:14:00+00:00,wc_do:134,0,complete,2174,case_id
714,get_water:240,0,2020-03-21 23:22:00+00:00,get_water:240,0,start,1008,case_id
715,get_water:240,0,2020-03-21 23:24:00+00:00,get_water:240,0,complete,1018,case_id
716,wc_do:134,0,2020-03-28 07:05:00+00:00,wc_do:134,0,start,2225,case_id
717,wc_do:134,0,2020-03-28 07:09:00+00:00,wc_do:134,0,complete,2232,case_id
718,go_chair:4,0,2020-03-26 22:09:00+00:00,go_chair:4,0,start,2064,case_id
719,go_chair:4,0,2020-03-26 22:34:00+00:00,go_chair:4,0,complete,2067,case_id
720,get_water:240,0,2020-03-22 00:47:00+00:00,get_water:240,0,start,1032,case_id
721,get_water:240,0,2020-03-22 00:49:00+00:00,get_water:240,0,complete,1042,case_id
722,go_chair:4,0,2020-03-26 22:36:00+00:00,go_chair:4,0,start,2079,case_id
723,go_chair:4,0,2020-03-26 22:56:00+00:00,go_chair:4,0,complete,2082,case_id
724,go_chair:4,0,2020-03-28 06:43:00+00:00,go_chair:4,0,start,2220,case_id
725,go_chair:4,0,2020-03-28 07:05:00+00:00,go_chair:4,0,complete,2224,case_id
726,wc_do:134,0,2020-03-28 14:11:00+00:00,wc_do:134,0,start,2342,case_id
727,wc_do:134,0,2020-03-28 14:17:00+00:00,wc_do:134,0,complete,2353,case_id
728,go_chair:4,0,2020-03-28 07:09:00+00:00,go_chair:4,0,start,2235,case_id
729,go_chair:4,0,2020-03-28 07:32:00+00:00,go_chair:4,0,complete,2239,case_id
730,change_clothes:112,0,2020-03-20 08:21:00+00:00,change_clothes:112,0,start,647,case_id
731,change_clothes:112,0,2020-03-20 18:39:00+00:00,change_clothes:112,0,complete,671,case_id
732,change_clothes:112,0,2020-03-20 22:10:00+00:00,change_clothes:112,0,start,729,case_id
733,change_clothes:112,0,2020-03-20 22:13:00+00:00,change_clothes:112,0,complete,732,case_id
734,change_clothes:112,0,2020-03-20 22:45:00+00:00,change_clothes:112,0,start,833,case_id
735,change_clothes:112,0,2020-03-20 22:51:00+00:00,change_clothes:112,0,complete,838,case_id
736,change_clothes:112,0,2020-03-21 16:43:00+00:00,change_clothes:112,0,start,863,case_id
737,change_clothes:112,0,2020-03-21 16:48:00+00:00,change_clothes:112,0,complete,866,case_id
738,wc_do:134,0,2020-03-28 14:17:00+00:00,wc_do:134,0,start,2356,case_id
739,wc_do:134,0,2020-03-28 18:45:00+00:00,wc_do:134,0,complete,2451,case_id
740,change_clothes:112,0,2020-03-22 21:52:00+00:00,change_clothes:112,0,start,1512,case_id
741,change_clothes:112,0,2020-03-22 21:57:00+00:00,change_clothes:112,0,complete,1517,case_id
742,wc_do:134,0,2020-03-28 21:10:00+00:00,wc_do:134,0,start,2488,case_id
743,wc_do:134,0,2020-03-28 21:11:00+00:00,wc_do:134,0,complete,2492,case_id
744,get_water:240,0,2020-03-22 01:37:00+00:00,get_water:240,0,start,1058,case_id
745,get_water:240,0,2020-03-22 02:12:00+00:00,get_water:240,0,complete,1079,case_id
746,go_chair:4,0,2020-03-28 08:10:00+00:00,go_chair:4,0,start,2255,case_id
747,go_chair:4,0,2020-03-28 09:34:00+00:00,go_chair:4,0,complete,2267,case_id
748,get_water:240,0,2020-03-22 02:16:00+00:00,get_water:240,0,start,1090,case_id
749,get_water:240,0,2020-03-22 02:17:00+00:00,get_water:240,0,complete,1093,case_id
750,wc_do:134,0,2020-03-28 22:31:00+00:00,wc_do:134,0,start,2535,case_id
751,wc_do:134,0,2020-03-28 22:35:00+00:00,wc_do:134,0,complete,2542,case_id
752,get_water:240,0,2020-03-22 03:51:00+00:00,get_water:240,0,start,1108,case_id
753,wc_do:134,0,2020-03-28 23:21:00+00:00,wc_do:134,0,start,2560,case_id
754,get_water:240,0,2020-03-22 03:53:00+00:00,get_water:240,0,complete,1118,case_id
755,wc_do:134,0,2020-03-29 15:30:00+00:00,wc_do:134,0,complete,2611,case_id
756,go_chair:4,0,2020-03-28 09:36:00+00:00,go_chair:4,0,start,2279,case_id
757,go_chair:4,0,2020-03-28 10:53:00+00:00,go_chair:4,0,complete,2291,case_id
758,wc_do:134,0,2020-03-29 21:01:00+00:00,wc_do:134,0,start,2698,case_id
759,wc_do:134,0,2020-03-29 21:02:00+00:00,wc_do:134,0,complete,2702,case_id
760,get_water:240,0,2020-03-22 05:18:00+00:00,get_water:240,0,start,1130,case_id
761,get_water:240,0,2020-03-22 05:20:00+00:00,get_water:240,0,complete,1140,case_id
762,wc_do:134,0,2020-03-29 21:59:00+00:00,wc_do:134,0,start,2734,case_id
763,wc_do:134,0,2020-03-29 22:04:00+00:00,wc_do:134,0,complete,2742,case_id
764,go_chair:4,0,2020-03-28 10:55:00+00:00,go_chair:4,0,start,2303,case_id
765,go_chair:4,0,2020-03-28 11:56:00+00:00,go_chair:4,0,complete,2312,case_id
766,wc_do:134,0,2020-03-30 00:39:00+00:00,wc_do:134,0,start,2789,case_id
767,get_water:240,0,2020-03-22 06:48:00+00:00,get_water:240,0,start,1166,case_id
768,wc_do:134,0,2020-03-30 20:56:00+00:00,wc_do:134,0,complete,2844,case_id
769,get_water:240,0,2020-03-22 06:51:00+00:00,get_water:240,0,complete,1177,case_id
770,wc_do:134,0,2020-03-30 22:22:00+00:00,wc_do:134,0,start,2872,case_id
771,wc_do:134,0,2020-03-30 22:30:00+00:00,wc_do:134,0,complete,2879,case_id
772,change_clothes:112,0,2020-03-23 08:24:00+00:00,change_clothes:112,0,start,1529,case_id
773,change_clothes:112,0,2020-03-23 18:43:00+00:00,change_clothes:112,0,complete,1552,case_id
774,change_clothes:112,0,2020-03-24 07:14:00+00:00,change_clothes:112,0,start,1638,case_id
775,change_clothes:112,0,2020-03-24 07:19:00+00:00,change_clothes:112,0,complete,1642,case_id
776,wc_do:134,0,2020-03-31 00:37:00+00:00,wc_do:134,0,start,2912,case_id
777,wc_do:134,0,2020-03-31 00:42:00+00:00,wc_do:134,0,complete,2921,case_id
778,wc_do:134,0,2020-03-31 02:46:00+00:00,wc_do:134,0,start,2955,case_id
779,wc_do:134,0,2020-03-31 02:50:00+00:00,wc_do:134,0,complete,2963,case_id
780,get_water:240,0,2020-03-22 07:49:00+00:00,get_water:240,0,start,1195,case_id
781,get_water:240,0,2020-03-22 08:23:00+00:00,get_water:240,0,complete,1217,case_id
782,go_chair:4,0,2020-03-28 15:01:00+00:00,go_chair:4,0,start,2388,case_id
783,go_chair:4,0,2020-03-28 16:30:00+00:00,go_chair:4,0,complete,2400,case_id
784,wc_do:134,0,2020-03-31 05:29:00+00:00,wc_do:134,0,start,3009,case_id
785,get_water:240,0,2020-03-22 09:49:00+00:00,get_water:240,0,start,1236,case_id
786,wc_do:134,0,2020-03-31 05:34:00+00:00,wc_do:134,0,complete,3019,case_id
787,get_water:240,0,2020-03-22 09:51:00+00:00,get_water:240,0,complete,1246,case_id
788,get_water:240,0,2020-03-22 11:48:00+00:00,get_water:240,0,start,1280,case_id
789,get_water:240,0,2020-03-22 11:51:00+00:00,get_water:240,0,complete,1291,case_id
790,wc_do:134,0,2020-03-31 05:34:00+00:00,wc_do:134,0,start,3022,case_id
791,wc_do:134,0,2020-03-31 07:38:00+00:00,wc_do:134,0,complete,3084,case_id
792,wc_do:134,0,2020-03-31 20:08:00+00:00,wc_do:134,0,start,3140,case_id
793,wc_do:134,0,2020-03-31 20:08:00+00:00,wc_do:134,0,complete,3142,case_id
794,wc_do:134,0,2020-03-31 20:10:00+00:00,wc_do:134,0,start,3147,case_id
795,wc_do:134,0,2020-03-31 20:11:00+00:00,wc_do:134,0,complete,3148,case_id
796,get_water:240,0,2020-03-22 12:56:00+00:00,get_water:240,0,start,1302,case_id
797,get_water:240,0,2020-03-22 12:57:00+00:00,get_water:240,0,complete,1312,case_id
798,wc_do:134,0,2020-03-31 21:32:00+00:00,wc_do:134,0,start,3179,case_id
799,wc_do:134,0,2020-03-31 21:39:00+00:00,wc_do:134,0,complete,3186,case_id
800,change_clothes:112,0,2020-03-24 08:15:00+00:00,change_clothes:112,0,start,1653,case_id
801,change_clothes:112,0,2020-03-24 18:36:00+00:00,change_clothes:112,0,complete,1675,case_id
802,get_water:240,0,2020-03-22 13:58:00+00:00,get_water:240,0,start,1343,case_id
803,get_water:240,0,2020-03-22 14:34:00+00:00,get_water:240,0,complete,1365,case_id
804,wc_do:134,0,2020-03-31 22:01:00+00:00,wc_do:134,0,start,3200,case_id
805,go_chair:4,0,2020-03-28 16:32:00+00:00,go_chair:4,0,start,2412,case_id
806,wc_do:134,0,2020-04-01 07:50:00+00:00,wc_do:134,0,complete,3212,case_id
807,go_chair:4,0,2020-03-28 18:19:00+00:00,go_chair:4,0,complete,2427,case_id
808,wc_do:134,0,2020-04-02 01:34:00+00:00,wc_do:134,0,start,3254,case_id
809,wc_do:134,0,2020-04-02 01:41:00+00:00,wc_do:134,0,complete,3260,case_id
810,go_chair:4,0,2020-03-28 18:22:00+00:00,go_chair:4,0,start,2439,case_id
811,go_chair:4,0,2020-03-28 18:40:00+00:00,go_chair:4,0,complete,2442,case_id
812,change_clothes:112,0,2020-03-24 22:43:00+00:00,change_clothes:112,0,start,1776,case_id
812,wc_do:134,0,2020-04-02 19:29:00+00:00,wc_do:134,0,start,3320,case_id
814,wc_do:134,0,2020-04-02 19:29:00+00:00,wc_do:134,0,complete,3323,case_id
815,change_clothes:112,0,2020-03-24 22:49:00+00:00,change_clothes:112,0,complete,1781,case_id
816,get_water:240,0,2020-03-22 15:57:00+00:00,get_water:240,0,start,1385,case_id
816,wc_do:134,0,2020-04-02 22:00:00+00:00,wc_do:134,0,start,3375,case_id
818,wc_do:134,0,2020-04-02 22:06:00+00:00,wc_do:134,0,complete,3382,case_id
819,get_water:240,0,2020-03-22 15:59:00+00:00,get_water:240,0,complete,1396,case_id
820,wc_do:134,0,2020-04-02 22:30:00+00:00,wc_do:134,0,start,3413,case_id
821,wc_do:134,0,2020-04-03 05:18:00+00:00,wc_do:134,0,complete,3425,case_id
822,wc_do:134,0,2020-04-03 23:08:00+00:00,wc_do:134,0,start,3467,case_id
823,wc_do:134,0,2020-04-03 23:14:00+00:00,wc_do:134,0,complete,3470,case_id
824,wc_do:134,0,2020-04-04 02:47:00+00:00,wc_do:134,0,start,3474,case_id
825,wc_do:134,0,2020-04-04 02:52:00+00:00,wc_do:134,0,complete,3480,case_id
826,wc_do:134,0,2020-04-04 04:52:00+00:00,wc_do:134,0,start,3493,case_id
827,wc_do:134,0,2020-04-04 04:53:00+00:00,wc_do:134,0,complete,3497,case_id
828,get_water:240,0,2020-03-22 17:46:00+00:00,get_water:240,0,start,1413,case_id
829,get_water:240,0,2020-03-22 17:48:00+00:00,get_water:240,0,complete,1423,case_id
830,wc_do:134,0,2020-04-04 11:44:00+00:00,wc_do:134,0,start,3615,case_id
831,wc_do:134,0,2020-04-04 11:48:00+00:00,wc_do:134,0,complete,3622,case_id
832,go_chair:4,0,2020-03-28 18:45:00+00:00,go_chair:4,0,start,2454,case_id
833,go_chair:4,0,2020-03-28 20:01:00+00:00,go_chair:4,0,complete,2467,case_id
834,wc_do:134,0,2020-04-04 14:50:00+00:00,wc_do:134,0,start,3663,case_id
835,wc_do:134,0,2020-04-04 14:50:00+00:00,wc_do:134,0,complete,3666,case_id
836,get_water:240,0,2020-03-22 20:16:00+00:00,get_water:240,0,start,1458,case_id
837,get_water:240,0,2020-03-22 20:19:00+00:00,get_water:240,0,complete,1468,case_id
838,go_chair:4,0,2020-03-28 21:54:00+00:00,go_chair:4,0,start,2528,case_id
839,go_chair:4,0,2020-03-28 22:31:00+00:00,go_chair:4,0,complete,2534,case_id
840,go_chair:4,0,2020-03-28 22:35:00+00:00,go_chair:4,0,start,2545,case_id
841,go_chair:4,0,2020-03-28 22:57:00+00:00,go_chair:4,0,complete,2548,case_id
842,wc_do:134,0,2020-04-04 16:26:00+00:00,wc_do:134,0,start,3708,case_id
843,wc_do:134,0,2020-04-04 16:31:00+00:00,wc_do:134,0,complete,3716,case_id
844,go_chair:4,0,2020-03-29 14:36:00+00:00,go_chair:4,0,start,2590,case_id
845,go_chair:4,0,2020-03-29 14:36:00+00:00,go_chair:4,0,complete,2591,case_id
846,wc_do:134,0,2020-04-04 19:59:00+00:00,wc_do:134,0,start,3775,case_id
847,wc_do:134,0,2020-04-04 20:04:00+00:00,wc_do:134,0,complete,3783,case_id
848,wc_do:134,0,2020-04-04 21:39:00+00:00,wc_do:134,0,start,3811,case_id
849,wc_do:134,0,2020-04-04 21:39:00+00:00,wc_do:134,0,complete,3814,case_id
850,go_chair:4,0,2020-03-29 14:52:00+00:00,go_chair:4,0,start,2597,case_id
851,go_chair:4,0,2020-03-29 15:25:00+00:00,go_chair:4,0,complete,2602,case_id
852,go_chair:4,0,2020-03-29 15:30:00+00:00,go_chair:4,0,start,2614,case_id
853,go_chair:4,0,2020-03-29 15:47:00+00:00,go_chair:4,0,complete,2619,case_id
854,go_chair:4,0,2020-03-29 16:00:00+00:00,go_chair:4,0,start,2624,case_id
855,go_chair:4,0,2020-03-29 16:16:00+00:00,go_chair:4,0,complete,2626,case_id
856,get_water:240,0,2020-03-22 20:54:00+00:00,get_water:240,0,start,1484,case_id
857,get_water:240,0,2020-03-22 21:30:00+00:00,get_water:240,0,complete,1507,case_id
858,wc_do:134,0,2020-04-04 23:21:00+00:00,wc_do:134,0,start,3863,case_id
859,wc_do:134,0,2020-04-05 13:10:00+00:00,wc_do:134,0,complete,3882,case_id
860,wc_do:134,0,2020-04-05 19:28:00+00:00,wc_do:134,0,start,3969,case_id
861,wc_do:134,0,2020-04-05 19:29:00+00:00,wc_do:134,0,complete,3970,case_id
862,wc_do:134,0,2020-04-05 22:03:00+00:00,wc_do:134,0,start,4008,case_id
863,wc_do:134,0,2020-04-05 22:03:00+00:00,wc_do:134,0,complete,4010,case_id
864,wc_do:134,0,2020-04-05 22:06:00+00:00,wc_do:134,0,start,4025,case_id
865,wc_do:134,0,2020-04-05 22:11:00+00:00,wc_do:134,0,complete,4033,case_id
866,get_water:240,0,2020-03-23 18:43:00+00:00,get_water:240,0,start,1553,case_id
867,get_water:240,0,2020-03-23 18:55:00+00:00,get_water:240,0,complete,1564,case_id
868,change_clothes:112,0,2020-03-25 08:21:00+00:00,change_clothes:112,0,start,1805,case_id
869,change_clothes:112,0,2020-03-25 18:40:00+00:00,change_clothes:112,0,complete,1827,case_id
870,change_clothes:112,0,2020-03-26 05:54:00+00:00,change_clothes:112,0,start,1893,case_id
871,change_clothes:112,0,2020-03-26 05:59:00+00:00,change_clothes:112,0,complete,1897,case_id
872,get_water:240,0,2020-03-24 05:29:00+00:00,get_water:240,0,start,1611,case_id
873,get_water:240,0,2020-03-24 06:42:00+00:00,get_water:240,0,complete,1633,case_id
874,go_chair:4,0,2020-03-29 16:18:00+00:00,go_chair:4,0,start,2638,case_id
875,go_chair:4,0,2020-03-29 18:09:00+00:00,go_chair:4,0,complete,2657,case_id
876,go_chair:4,0,2020-03-29 18:11:00+00:00,go_chair:4,0,start,2669,case_id
877,get_water:240,0,2020-03-24 18:36:00+00:00,get_water:240,0,start,1676,case_id
878,go_chair:4,0,2020-03-29 18:57:00+00:00,go_chair:4,0,complete,2675,case_id
879,get_water:240,0,2020-03-24 18:49:00+00:00,get_water:240,0,complete,1687,case_id
880,change_clothes:112,0,2020-03-26 06:02:00+00:00,change_clothes:112,0,start,1909,case_id
880,get_water:240,0,2020-03-24 20:18:00+00:00,get_water:240,0,start,1712,case_id
882,change_clothes:112,0,2020-03-26 07:07:00+00:00,change_clothes:112,0,complete,1931,case_id
883,get_water:240,0,2020-03-24 21:12:00+00:00,get_water:240,0,complete,1729,case_id
884,get_water:240,0,2020-03-24 21:29:00+00:00,get_water:240,0,start,1733,case_id
885,get_water:240,0,2020-03-24 21:29:00+00:00,get_water:240,0,complete,1734,case_id
886,get_water:240,0,2020-03-24 21:40:00+00:00,get_water:240,0,start,1739,case_id
887,get_water:240,0,2020-03-24 21:40:00+00:00,get_water:240,0,complete,1741,case_id
888,go_chair:4,0,2020-03-29 22:04:00+00:00,go_chair:4,0,start,2745,case_id
889,go_chair:4,0,2020-03-29 23:23:00+00:00,go_chair:4,0,complete,2757,case_id
890,get_water:240,0,2020-03-24 22:24:00+00:00,get_water:240,0,start,1761,case_id
891,get_water:240,0,2020-03-24 22:26:00+00:00,get_water:240,0,complete,1771,case_id
892,go_chair:4,0,2020-03-29 23:25:00+00:00,go_chair:4,0,start,2770,case_id
893,go_chair:4,0,2020-03-30 00:04:00+00:00,go_chair:4,0,complete,2777,case_id
894,go_chair:4,0,2020-03-31 00:22:00+00:00,go_chair:4,0,start,2908,case_id
895,go_chair:4,0,2020-03-31 00:37:00+00:00,go_chair:4,0,complete,2911,case_id
896,get_water:240,0,2020-03-25 18:40:00+00:00,get_water:240,0,start,1828,case_id
897,get_water:240,0,2020-03-25 18:53:00+00:00,get_water:240,0,complete,1839,case_id
898,go_chair:4,0,2020-03-31 00:42:00+00:00,go_chair:4,0,start,2924,case_id
899,go_chair:4,0,2020-03-31 01:40:00+00:00,go_chair:4,0,complete,2933,case_id
900,get_water:240,0,2020-03-26 03:04:00+00:00,get_water:240,0,start,1873,case_id
901,get_water:240,0,2020-03-26 04:25:00+00:00,get_water:240,0,complete,1888,case_id
902,get_water:240,0,2020-03-26 05:59:00+00:00,get_water:240,0,start,1898,case_id
903,get_water:240,0,2020-03-26 06:02:00+00:00,get_water:240,0,complete,1908,case_id
904,go_chair:4,0,2020-03-31 01:42:00+00:00,go_chair:4,0,start,2945,case_id
905,go_chair:4,0,2020-03-31 02:46:00+00:00,go_chair:4,0,complete,2954,case_id
906,go_chair:4,0,2020-03-31 02:50:00+00:00,go_chair:4,0,start,2966,case_id
907,go_chair:4,0,2020-03-31 03:15:00+00:00,go_chair:4,0,complete,2969,case_id
908,go_chair:4,0,2020-03-31 03:18:00+00:00,go_chair:4,0,start,2982,case_id
909,go_chair:4,0,2020-03-31 03:37:00+00:00,go_chair:4,0,complete,2985,case_id
910,change_clothes:112,0,2020-03-26 08:15:00+00:00,change_clothes:112,0,start,1959,case_id
911,change_clothes:112,0,2020-03-26 18:33:00+00:00,change_clothes:112,0,complete,1982,case_id
912,get_water:240,0,2020-03-26 07:07:00+00:00,get_water:240,0,start,1932,case_id
913,get_water:240,0,2020-03-26 07:15:00+00:00,get_water:240,0,complete,1949,case_id
914,change_clothes:112,0,2020-03-26 22:56:00+00:00,change_clothes:112,0,start,2083,case_id
915,change_clothes:112,0,2020-03-26 23:01:00+00:00,change_clothes:112,0,complete,2088,case_id
916,go_chair:4,0,2020-03-31 06:13:00+00:00,go_chair:4,0,start,3052,case_id
917,go_chair:4,0,2020-03-31 07:32:00+00:00,go_chair:4,0,complete,3065,case_id
918,get_water:240,0,2020-03-26 18:33:00+00:00,get_water:240,0,start,1983,case_id
919,get_water:240,0,2020-03-26 18:46:00+00:00,get_water:240,0,complete,1994,case_id
920,go_chair:4,0,2020-03-31 07:38:00+00:00,go_chair:4,0,start,3087,case_id
921,go_chair:4,0,2020-03-31 08:12:00+00:00,go_chair:4,0,complete,3093,case_id
922,go_chair:4,0,2020-04-04 08:12:00+00:00,go_chair:4,0,start,3549,case_id
923,go_chair:4,0,2020-04-04 08:55:00+00:00,go_chair:4,0,complete,3555,case_id
924,get_water:240,0,2020-03-26 20:37:00+00:00,get_water:240,0,start,2019,case_id
925,get_water:240,0,2020-03-26 21:33:00+00:00,get_water:240,0,complete,2036,case_id
926,get_water:240,0,2020-03-26 22:05:00+00:00,get_water:240,0,start,2048,case_id
927,get_water:240,0,2020-03-26 22:05:00+00:00,get_water:240,0,complete,2051,case_id
928,go_chair:4,0,2020-04-04 08:57:00+00:00,go_chair:4,0,start,3567,case_id
929,go_chair:4,0,2020-04-04 10:16:00+00:00,go_chair:4,0,complete,3579,case_id
930,get_water:240,0,2020-03-26 22:34:00+00:00,get_water:240,0,start,2068,case_id
931,get_water:240,0,2020-03-26 22:36:00+00:00,get_water:240,0,complete,2078,case_id
932,go_chair:4,0,2020-04-04 10:18:00+00:00,go_chair:4,0,start,3591,case_id
933,go_chair:4,0,2020-04-04 11:42:00+00:00,go_chair:4,0,complete,3603,case_id
934,change_clothes:112,0,2020-03-27 08:21:00+00:00,change_clothes:112,0,start,2112,case_id
935,get_water:240,0,2020-03-27 18:40:00+00:00,get_water:240,0,start,2137,case_id
936,change_clothes:112,0,2020-03-27 18:40:00+00:00,change_clothes:112,0,complete,2136,case_id
937,get_water:240,0,2020-03-27 18:52:00+00:00,get_water:240,0,complete,2147,case_id
938,go_chair:4,0,2020-04-04 11:48:00+00:00,go_chair:4,0,start,3625,case_id
939,go_chair:4,0,2020-04-04 12:33:00+00:00,go_chair:4,0,complete,3631,case_id
940,change_clothes:112,0,2020-03-28 06:39:00+00:00,change_clothes:112,0,start,2216,case_id
941,change_clothes:112,0,2020-03-28 06:43:00+00:00,change_clothes:112,0,complete,2219,case_id
942,change_clothes:112,0,2020-03-28 22:57:00+00:00,change_clothes:112,0,start,2549,case_id
943,change_clothes:112,0,2020-03-28 22:58:00+00:00,change_clothes:112,0,complete,2550,case_id
944,go_chair:4,0,2020-04-04 15:32:00+00:00,go_chair:4,0,start,3698,case_id
945,go_chair:4,0,2020-04-04 16:26:00+00:00,go_chair:4,0,complete,3707,case_id
946,change_clothes:112,0,2020-03-28 22:59:00+00:00,change_clothes:112,0,start,2554,case_id
947,change_clothes:112,0,2020-03-28 23:02:00+00:00,change_clothes:112,0,complete,2555,case_id
948,change_clothes:112,0,2020-03-29 14:32:00+00:00,change_clothes:112,0,start,2586,case_id
949,change_clothes:112,0,2020-03-29 14:36:00+00:00,change_clothes:112,0,complete,2589,case_id
950,go_chair:4,0,2020-04-04 16:31:00+00:00,go_chair:4,0,start,3719,case_id
951,go_chair:4,0,2020-04-04 17:10:00+00:00,go_chair:4,0,complete,3725,case_id
952,change_clothes:112,0,2020-03-30 00:04:00+00:00,change_clothes:112,0,start,2778,case_id
953,change_clothes:112,0,2020-03-30 00:09:00+00:00,change_clothes:112,0,complete,2783,case_id
954,get_water:240,0,2020-03-28 03:16:00+00:00,get_water:240,0,start,2182,case_id
955,get_water:240,0,2020-03-28 04:40:00+00:00,get_water:240,0,complete,2212,case_id
956,get_water:240,0,2020-03-28 08:08:00+00:00,get_water:240,0,start,2244,case_id
957,get_water:240,0,2020-03-28 08:10:00+00:00,get_water:240,0,complete,2254,case_id
958,get_water:240,0,2020-03-28 09:34:00+00:00,get_water:240,0,start,2268,case_id
959,get_water:240,0,2020-03-28 09:36:00+00:00,get_water:240,0,complete,2278,case_id
960,get_water:240,0,2020-03-28 10:53:00+00:00,get_water:240,0,start,2292,case_id
961,get_water:240,0,2020-03-28 10:55:00+00:00,get_water:240,0,complete,2302,case_id
962,go_chair:4,0,2020-04-04 17:12:00+00:00,go_chair:4,0,start,3737,case_id
963,go_chair:4,0,2020-04-04 18:54:00+00:00,go_chair:4,0,complete,3752,case_id
964,change_clothes:112,0,2020-03-30 08:14:00+00:00,change_clothes:112,0,start,2796,case_id
965,change_clothes:112,0,2020-03-30 18:33:00+00:00,change_clothes:112,0,complete,2818,case_id
966,change_clothes:112,0,2020-03-31 00:08:00+00:00,change_clothes:112,0,start,2886,case_id
967,change_clothes:112,0,2020-03-31 00:13:00+00:00,change_clothes:112,0,complete,2889,case_id
968,get_water:240,0,2020-03-28 12:50:00+00:00,get_water:240,0,start,2320,case_id
969,get_water:240,0,2020-03-28 12:52:00+00:00,get_water:240,0,complete,2330,case_id
970,go_chair:4,0,2020-04-04 18:57:00+00:00,go_chair:4,0,start,3765,case_id
971,go_chair:4,0,2020-04-04 19:59:00+00:00,go_chair:4,0,complete,3774,case_id
972,go_chair:4,0,2020-04-04 20:04:00+00:00,go_chair:4,0,start,3786,case_id
973,go_chair:4,0,2020-04-04 20:29:00+00:00,go_chair:4,0,complete,3789,case_id
974,go_chair:4,0,2020-04-04 22:20:00+00:00,go_chair:4,0,start,3845,case_id
975,go_chair:4,0,2020-04-04 22:56:00+00:00,go_chair:4,0,complete,3851,case_id
976,go_chair:4,0,2020-04-05 15:08:00+00:00,go_chair:4,0,start,3904,case_id
977,go_chair:4,0,2020-04-05 16:30:00+00:00,go_chair:4,0,complete,3916,case_id
978,get_water:240,0,2020-03-28 14:18:00+00:00,get_water:240,0,start,2364,case_id
979,get_water:240,0,2020-03-28 15:01:00+00:00,get_water:240,0,complete,2387,case_id
980,go_chair:4,0,2020-04-05 16:33:00+00:00,go_chair:4,0,start,3929,case_id
981,go_chair:4,0,2020-04-05 18:14:00+00:00,go_chair:4,0,complete,3944,case_id
982,change_clothes:112,0,2020-03-31 08:12:00+00:00,change_clothes:112,0,start,3094,case_id
983,change_clothes:112,0,2020-03-31 18:30:00+00:00,change_clothes:112,0,complete,3117,case_id
984,go_chair:4,0,2020-04-05 18:16:00+00:00,go_chair:4,0,start,3956,case_id
985,go_chair:4,0,2020-04-05 19:28:00+00:00,go_chair:4,0,complete,3968,case_id
986,change_clothes:112,0,2020-03-31 21:39:00+00:00,change_clothes:112,0,start,3189,case_id
987,change_clothes:112,0,2020-03-31 21:40:00+00:00,change_clothes:112,0,complete,3190,case_id
988,change_clothes:112,0,2020-03-31 21:40:00+00:00,change_clothes:112,0,start,3194,case_id
989,change_clothes:112,0,2020-03-31 21:45:00+00:00,change_clothes:112,0,complete,3195,case_id
990,get_water:240,0,2020-03-28 16:30:00+00:00,get_water:240,0,start,2401,case_id
991,get_water:240,0,2020-03-28 16:32:00+00:00,get_water:240,0,complete,2411,case_id
992,go_chair:4,0,2020-04-05 22:11:00+00:00,go_chair:4,0,start,4036,case_id
993,go_chair:4,0,2020-04-05 23:24:00+00:00,go_chair:4,0,complete,4049,case_id
994,go_chair:4,0,2020-04-05 23:26:00+00:00,go_chair:4,0,start,4061,case_id
995,go_chair:4,0,2020-04-05 23:41:00+00:00,go_chair:4,0,complete,4066,case_id
996,get_water:240,0,2020-03-28 18:19:00+00:00,get_water:240,0,start,2428,case_id
997,get_water:240,0,2020-03-28 18:22:00+00:00,get_water:240,0,complete,2438,case_id
998,change_clothes:112,0,2020-04-01 08:26:00+00:00,change_clothes:112,0,start,3216,case_id
999,get_water:240,0,2020-03-28 20:01:00+00:00,get_water:240,0,start,2468,case_id
1000,change_clothes:112,0,2020-04-01 18:45:00+00:00,change_clothes:112,0,complete,3239,case_id
1001,get_water:240,0,2020-03-28 20:03:00+00:00,get_water:240,0,complete,2478,case_id
1002,get_water:240,0,2020-03-28 21:12:00+00:00,get_water:240,0,start,2499,case_id
1003,get_water:240,0,2020-03-28 21:13:00+00:00,get_water:240,0,complete,2500,case_id
1004,change_clothes:112,0,2020-04-02 06:54:00+00:00,change_clothes:112,0,start,3270,case_id
1005,change_clothes:112,0,2020-04-02 06:58:00+00:00,change_clothes:112,0,complete,3273,case_id
1006,change_clothes:112,0,2020-04-02 08:23:00+00:00,change_clothes:112,0,start,3282,case_id
1007,get_water:240,0,2020-03-28 21:49:00+00:00,get_water:240,0,start,2508,case_id
1008,change_clothes:112,0,2020-04-02 18:43:00+00:00,change_clothes:112,0,complete,3305,case_id
1009,get_water:240,0,2020-03-28 21:54:00+00:00,get_water:240,0,complete,2527,case_id
1010,change_clothes:112,0,2020-04-02 22:09:00+00:00,change_clothes:112,0,start,3403,case_id
1011,change_clothes:112,0,2020-04-02 22:14:00+00:00,change_clothes:112,0,complete,3408,case_id
1012,get_water:240,0,2020-03-29 12:44:00+00:00,get_water:240,0,start,2571,case_id
1013,get_water:240,0,2020-03-29 12:47:00+00:00,get_water:240,0,complete,2582,case_id
1014,get_water:240,0,2020-03-29 16:16:00+00:00,get_water:240,0,start,2627,case_id
1015,get_water:240,0,2020-03-29 16:18:00+00:00,get_water:240,0,complete,2637,case_id
1016,get_water:240,0,2020-03-29 18:09:00+00:00,get_water:240,0,start,2658,case_id
1017,get_water:240,0,2020-03-29 18:11:00+00:00,get_water:240,0,complete,2668,case_id
1018,get_water:240,0,2020-03-29 20:35:00+00:00,get_water:240,0,start,2683,case_id
1019,get_water:240,0,2020-03-29 20:38:00+00:00,get_water:240,0,complete,2693,case_id
1020,get_water:240,0,2020-03-29 21:03:00+00:00,get_water:240,0,start,2709,case_id
1021,get_water:240,0,2020-03-29 21:04:00+00:00,get_water:240,0,complete,2710,case_id
1022,get_water:240,0,2020-03-29 21:56:00+00:00,get_water:240,0,start,2718,case_id
1023,get_water:240,0,2020-03-29 21:59:00+00:00,get_water:240,0,complete,2733,case_id
1024,change_clothes:112,0,2020-04-03 08:23:00+00:00,change_clothes:112,0,start,3429,case_id
1025,change_clothes:112,0,2020-04-03 18:42:00+00:00,change_clothes:112,0,complete,3452,case_id
1026,change_clothes:112,0,2020-04-04 07:32:00+00:00,change_clothes:112,0,start,3541,case_id
1027,change_clothes:112,0,2020-04-04 07:36:00+00:00,change_clothes:112,0,complete,3544,case_id
1028,get_water:240,0,2020-03-29 23:23:00+00:00,get_water:240,0,start,2758,case_id
1029,get_water:240,0,2020-03-29 23:25:00+00:00,get_water:240,0,complete,2769,case_id
1030,change_clothes:112,0,2020-04-04 22:56:00+00:00,change_clothes:112,0,start,3852,case_id
1031,change_clothes:112,0,2020-04-04 22:57:00+00:00,change_clothes:112,0,complete,3853,case_id
1032,change_clothes:112,0,2020-04-04 22:58:00+00:00,change_clothes:112,0,start,3857,case_id
1033,change_clothes:112,0,2020-04-04 23:01:00+00:00,change_clothes:112,0,complete,3858,case_id
1034,change_clothes:112,0,2020-04-05 15:03:00+00:00,change_clothes:112,0,start,3900,case_id
1035,change_clothes:112,0,2020-04-05 15:08:00+00:00,change_clothes:112,0,complete,3903,case_id
1036,get_water:240,0,2020-03-30 18:33:00+00:00,get_water:240,0,start,2819,case_id
1037,get_water:240,0,2020-03-30 18:46:00+00:00,get_water:240,0,complete,2830,case_id
1038,get_water:240,0,2020-03-30 20:57:00+00:00,get_water:240,0,start,2851,case_id
1039,get_water:240,0,2020-03-30 20:58:00+00:00,get_water:240,0,complete,2852,case_id
1040,get_water:240,0,2020-03-30 21:47:00+00:00,get_water:240,0,start,2859,case_id
1041,get_water:240,0,2020-03-30 21:51:00+00:00,get_water:240,0,complete,2869,case_id
1042,get_water:240,0,2020-03-31 00:20:00+00:00,get_water:240,0,start,2893,case_id
1043,get_water:240,0,2020-03-31 00:22:00+00:00,get_water:240,0,complete,2907,case_id
1044,get_water:240,0,2020-03-31 01:40:00+00:00,get_water:240,0,start,2934,case_id
1045,get_water:240,0,2020-03-31 01:42:00+00:00,get_water:240,0,complete,2944,case_id
1046,get_water:240,0,2020-03-31 03:15:00+00:00,get_water:240,0,start,2970,case_id
1047,get_water:240,0,2020-03-31 03:18:00+00:00,get_water:240,0,complete,2981,case_id
1048,get_water:240,0,2020-03-31 05:22:00+00:00,get_water:240,0,start,2993,case_id
1049,get_water:240,0,2020-03-31 05:24:00+00:00,get_water:240,0,complete,3003,case_id
1050,get_water:240,0,2020-03-31 05:35:00+00:00,get_water:240,0,start,3029,case_id
1051,get_water:240,0,2020-03-31 06:13:00+00:00,get_water:240,0,complete,3051,case_id
1052,get_water:240,0,2020-03-31 07:32:00+00:00,get_water:240,0,start,3066,case_id
1053,get_water:240,0,2020-03-31 07:34:00+00:00,get_water:240,0,complete,3076,case_id
1054,get_water:240,0,2020-03-31 18:30:00+00:00,get_water:240,0,start,3118,case_id
1055,get_water:240,0,2020-03-31 18:42:00+00:00,get_water:240,0,complete,3129,case_id
1056,get_water:240,0,2020-03-31 20:12:00+00:00,get_water:240,0,start,3155,case_id
1057,get_water:240,0,2020-03-31 21:12:00+00:00,get_water:240,0,complete,3172,case_id
1058,get_water:240,0,2020-03-31 21:31:00+00:00,get_water:240,0,start,3176,case_id
1059,get_water:240,0,2020-03-31 21:31:00+00:00,get_water:240,0,complete,3177,case_id
1060,get_water:240,0,2020-04-01 18:45:00+00:00,get_water:240,0,start,3240,case_id
1061,get_water:240,0,2020-04-01 18:58:00+00:00,get_water:240,0,complete,3251,case_id
1062,get_water:240,0,2020-04-02 01:41:00+00:00,get_water:240,0,start,3263,case_id
1063,get_water:240,0,2020-04-02 01:42:00+00:00,get_water:240,0,complete,3266,case_id
1064,get_water:240,0,2020-04-02 18:43:00+00:00,get_water:240,0,start,3306,case_id
1065,get_water:240,0,2020-04-02 18:43:00+00:00,get_water:240,0,complete,3314,case_id
1066,get_water:240,0,2020-04-02 19:31:00+00:00,get_water:240,0,start,3331,case_id
1067,get_water:240,0,2020-04-02 20:23:00+00:00,get_water:240,0,complete,3343,case_id
1068,get_water:240,0,2020-04-02 21:11:00+00:00,get_water:240,0,start,3346,case_id
1069,get_water:240,0,2020-04-02 21:11:00+00:00,get_water:240,0,complete,3354,case_id
1070,get_water:240,0,2020-04-02 21:47:00+00:00,get_water:240,0,start,3358,case_id
1071,get_water:240,0,2020-04-02 21:47:00+00:00,get_water:240,0,complete,3363,case_id
1072,get_water:240,0,2020-04-02 21:59:00+00:00,get_water:240,0,start,3371,case_id
1073,get_water:240,0,2020-04-02 22:00:00+00:00,get_water:240,0,complete,3374,case_id
1074,get_water:240,0,2020-04-02 22:06:00+00:00,get_water:240,0,start,3391,case_id
1075,get_water:240,0,2020-04-02 22:09:00+00:00,get_water:240,0,complete,3402,case_id
1076,get_water:240,0,2020-04-03 18:42:00+00:00,get_water:240,0,start,3453,case_id
1077,get_water:240,0,2020-04-03 18:53:00+00:00,get_water:240,0,complete,3463,case_id
1078,get_water:240,0,2020-04-04 04:55:00+00:00,get_water:240,0,start,3504,case_id
1079,get_water:240,0,2020-04-04 06:21:00+00:00,get_water:240,0,complete,3532,case_id
1080,get_water:240,0,2020-04-04 08:55:00+00:00,get_water:240,0,start,3556,case_id
1081,get_water:240,0,2020-04-04 08:57:00+00:00,get_water:240,0,complete,3566,case_id
1082,get_water:240,0,2020-04-04 10:16:00+00:00,get_water:240,0,start,3580,case_id
1083,get_water:240,0,2020-04-04 10:18:00+00:00,get_water:240,0,complete,3590,case_id
1084,get_water:240,0,2020-04-04 11:42:00+00:00,get_water:240,0,start,3604,case_id
1085,get_water:240,0,2020-04-04 11:44:00+00:00,get_water:240,0,complete,3614,case_id
1086,get_water:240,0,2020-04-04 13:34:00+00:00,get_water:240,0,start,3647,case_id
1087,get_water:240,0,2020-04-04 13:36:00+00:00,get_water:240,0,complete,3657,case_id
1088,get_water:240,0,2020-04-04 14:52:00+00:00,get_water:240,0,start,3674,case_id
1089,get_water:240,0,2020-04-04 15:32:00+00:00,get_water:240,0,complete,3697,case_id
1090,get_water:240,0,2020-04-04 17:10:00+00:00,get_water:240,0,start,3726,case_id
1091,get_water:240,0,2020-04-04 17:12:00+00:00,get_water:240,0,complete,3736,case_id
1092,get_water:240,0,2020-04-04 18:54:00+00:00,get_water:240,0,start,3753,case_id
1093,get_water:240,0,2020-04-04 18:57:00+00:00,get_water:240,0,complete,3764,case_id
1094,get_water:240,0,2020-04-04 20:29:00+00:00,get_water:240,0,start,3790,case_id
1095,get_water:240,0,2020-04-04 20:31:00+00:00,get_water:240,0,complete,3800,case_id
1096,get_water:240,0,2020-04-04 21:41:00+00:00,get_water:240,0,start,3822,case_id
1097,get_water:240,0,2020-04-04 22:20:00+00:00,get_water:240,0,complete,3844,case_id
1098,get_water:240,0,2020-04-05 13:10:00+00:00,get_water:240,0,start,3885,case_id
1099,get_water:240,0,2020-04-05 13:13:00+00:00,get_water:240,0,complete,3896,case_id
1100,get_water:240,0,2020-04-05 16:30:00+00:00,get_water:240,0,start,3917,case_id
1101,get_water:240,0,2020-04-05 16:33:00+00:00,get_water:240,0,complete,3928,case_id
1102,get_water:240,0,2020-04-05 18:14:00+00:00,get_water:240,0,start,3945,case_id
1103,get_water:240,0,2020-04-05 18:16:00+00:00,get_water:240,0,complete,3955,case_id
1104,get_water:240,0,2020-04-05 19:30:00+00:00,get_water:240,0,start,3977,case_id
1105,get_water:240,0,2020-04-05 20:13:00+00:00,get_water:240,0,complete,3998,case_id
1106,get_water:240,0,2020-04-05 22:03:00+00:00,get_water:240,0,start,4011,case_id
1107,get_water:240,0,2020-04-05 22:06:00+00:00,get_water:240,0,complete,4024,case_id
1108,get_water:240,0,2020-04-05 23:24:00+00:00,get_water:240,0,start,4050,case_id
1109,get_water:240,0,2020-04-05 23:26:00+00:00,get_water:240,0,complete,4060,case_id
